id_servicios,Cuestionario
10,"{""Pregunta_1"":""4"",""Pregunta_2"":""4"",""Pregunta_3"":""4"",""Pregunta_4"":""4"",""Pregunta_5"":""4"",""Pregunta_6"":""4"",""Pregunta_7"":""4"",""Pregunta_8"":""4"",""Pregunta_9"":""4"",""Pregunta_10"":""4"",""comentario"":""Escribe aqu\u00ed tus comentarios. (Recuerda borrar este texto antes de escribir tu comentario)""}"
11,"{""Pregunta_1"":""3"",""Pregunta_2"":""4"",""Pregunta_3"":""3"",""Pregunta_4"":""4"",""Pregunta_5"":""4"",""Pregunta_6"":""4"",""Pregunta_7"":""4"",""Pregunta_8"":""4"",""Pregunta_9"":""3"",""Pregunta_10"":""4"",""comentario"":""Estar mas al pendiente de los estudiantes tanto de forma acad\u00e9mica como de forma personal,y  avisar sobre eventos que sea importantes para la universidad""}"
12,"{""Pregunta_1"":""4"",""Pregunta_2"":""4"",""Pregunta_3"":""4"",""Pregunta_4"":""4"",""Pregunta_5"":""3"",""Pregunta_6"":""4"",""Pregunta_7"":""3"",""Pregunta_8"":""3"",""Pregunta_9"":""3"",""Pregunta_10"":""4"",""comentario"":""Escribe aqu\u00ed tus comentarios. (Recuerda borrar este texto antes de escribir tu comentario)""}"
13,"{""Pregunta_1"":""4"",""Pregunta_2"":""4"",""Pregunta_3"":""4"",""Pregunta_4"":""4"",""Pregunta_5"":""3"",""Pregunta_6"":""4"",""Pregunta_7"":""4"",""Pregunta_8"":""4"",""Pregunta_9"":""4"",""Pregunta_10"":""4"",""comentario"":""Una excelente universidad, muy amables todos , ojal\u00e1 siempre sean as\u00ed de accesibles :) ""}"
14,"{""Pregunta_1"":""4"",""Pregunta_2"":""4"",""Pregunta_3"":""4"",""Pregunta_4"":""4"",""Pregunta_5"":""4"",""Pregunta_6"":""4"",""Pregunta_7"":""4"",""Pregunta_8"":""4"",""Pregunta_9"":""4"",""Pregunta_10"":""4"",""comentario"":""Escribe aqu\u00ed tus comentarios. (Recuerda borrar este texto antes de escribir tu comentario)""}"
15,"{""Pregunta_1"":""4"",""Pregunta_2"":""4"",""Pregunta_3"":""3"",""Pregunta_4"":""4"",""Pregunta_5"":""4"",""Pregunta_6"":""4"",""Pregunta_7"":""4"",""Pregunta_8"":""4"",""Pregunta_9"":""4"",""Pregunta_10"":""4"",""comentario"":""Escribe aqu\u00ed tus comentarios. (Recuerda borrar este texto antes de escribir tu comentario)""}"
16,"{""Pregunta_1"":""4"",""Pregunta_2"":""4"",""Pregunta_3"":""4"",""Pregunta_4"":""4"",""Pregunta_5"":""4"",""Pregunta_6"":""4"",""Pregunta_7"":""4"",""Pregunta_8"":""4"",""Pregunta_9"":""4"",""Pregunta_10"":""4"",""comentario"":""Muy amables su atenci\u00f3n ""}"
17,"{""Pregunta_1"":""4"",""Pregunta_2"":""4"",""Pregunta_3"":""4"",""Pregunta_4"":""4"",""Pregunta_5"":""4"",""Pregunta_6"":""3"",""Pregunta_7"":""4"",""Pregunta_8"":""4"",""Pregunta_9"":""4"",""Pregunta_10"":""3"",""comentario"":""Escribe aqu\u00ed tus comentarios. (Recuerda borrar este texto antes de escribir tu comentario)""}"
18,"{""Pregunta_1"":""4"",""Pregunta_2"":""4"",""Pregunta_3"":""4"",""Pregunta_4"":""4"",""Pregunta_5"":""4"",""Pregunta_6"":""3"",""Pregunta_7"":""4"",""Pregunta_8"":""1"",""Pregunta_9"":""3"",""Pregunta_10"":""3"",""comentario"":""Se necesita tener m\u00e1s empleados en estas \u00e1reas, ya que a pasado algunos peque\u00f1os problemas pero siempre dan soluci\u00f3n. Pero si se necesita m\u00e1s colaboradores en el resto de las \u00e1reas de la escuela ""}"
19,"{""Pregunta_1"":""3"",""Pregunta_2"":""3"",""Pregunta_3"":""3"",""Pregunta_4"":""2"",""Pregunta_5"":""3"",""Pregunta_6"":""3"",""Pregunta_7"":""2"",""Pregunta_8"":""3"",""Pregunta_9"":""2"",""Pregunta_10"":""3"",""comentario"":""Escribe aqu\u00ed tus comentarios. (Recuerda borrar este texto antes de escribir tu comentario)""}"
20,"{""Pregunta_1"":""4"",""Pregunta_2"":""4"",""Pregunta_3"":""4"",""Pregunta_4"":""3"",""Pregunta_5"":""3"",""Pregunta_6"":""4"",""Pregunta_7"":""3"",""Pregunta_8"":""4"",""Pregunta_9"":""4"",""Pregunta_10"":""3"",""comentario"":""El personal administrativo y de servicios siempre est\u00e1n al pendiente para resolver nuestras dudas, pero en algunas cosas no quedo conforme ya que no tenemos internet cuando necesitamos buscar algo de la clase y no tuvimos posada.""}"
21,"{""Pregunta_1"":""4"",""Pregunta_2"":""3"",""Pregunta_3"":""3"",""Pregunta_4"":""1"",""Pregunta_5"":""3"",""Pregunta_6"":""4"",""Pregunta_7"":""3"",""Pregunta_8"":""4"",""Pregunta_9"":""4"",""Pregunta_10"":""4"",""comentario"":""Solo llamo a la escuela y no est\u00e1 la persona que busco para preguntarle mi duda y tengo llamar m\u00e1s tarde pero resuelven mi duda.""}"
22,"{""Pregunta_1"":""4"",""Pregunta_2"":""4"",""Pregunta_3"":""4"",""Pregunta_4"":""4"",""Pregunta_5"":""4"",""Pregunta_6"":""4"",""Pregunta_7"":""4"",""Pregunta_8"":""4"",""Pregunta_9"":""4"",""Pregunta_10"":""4"",""comentario"":""Excelente atenci\u00f3n ""}"
23,"{""Pregunta_1"":""4"",""Pregunta_2"":""4"",""Pregunta_3"":""4"",""Pregunta_4"":""4"",""Pregunta_5"":""4"",""Pregunta_6"":""4"",""Pregunta_7"":""4"",""Pregunta_8"":""4"",""Pregunta_9"":""4"",""Pregunta_10"":""4"",""comentario"":""Excelente trabajo que desarrolla cada uno en la universidad. ""}"
24,"{""Pregunta_1"":""4"",""Pregunta_2"":""4"",""Pregunta_3"":""4"",""Pregunta_4"":""4"",""Pregunta_5"":""4"",""Pregunta_6"":""4"",""Pregunta_7"":""4"",""Pregunta_8"":""4"",""Pregunta_9"":""4"",""Pregunta_10"":""4"",""comentario"":""Excelente trabajo el que desarrolla cada quien en la Universidad. ""}"
25,"{""Pregunta_1"":""4"",""Pregunta_2"":""4"",""Pregunta_3"":""4"",""Pregunta_4"":""3"",""Pregunta_5"":""4"",""Pregunta_6"":""4"",""Pregunta_7"":""4"",""Pregunta_8"":""4"",""Pregunta_9"":""4"",""Pregunta_10"":""4"",""comentario"":""Tienen muy buen servicio al estudiante solo falta estar un poco m\u00e1s atentos al maestro que nos dejen tareas, que nos califiquen pero de ah\u00ed todo lo dem\u00e1s excelente.""}"
26,"{""Pregunta_1"":""4"",""Pregunta_2"":""4"",""Pregunta_3"":""4"",""Pregunta_4"":""4"",""Pregunta_5"":""4"",""Pregunta_6"":""4"",""Pregunta_7"":""4"",""Pregunta_8"":""4"",""Pregunta_9"":""4"",""Pregunta_10"":""4"",""comentario"":""Es un personal muy profesional y hasta ahorita est\u00e1n a la dispocicion de escuchar a los alumnos ""}"
27,"{""Pregunta_1"":""4"",""Pregunta_2"":""4"",""Pregunta_3"":""4"",""Pregunta_4"":""2"",""Pregunta_5"":""4"",""Pregunta_6"":""4"",""Pregunta_7"":""4"",""Pregunta_8"":""1"",""Pregunta_9"":""4"",""Pregunta_10"":""4"",""comentario"":""Escribe aqu\u00ed tus comentarios. (Recuerda borrar este texto antes de escribir tu comentario)""}"
28,"{""Pregunta_1"":""4"",""Pregunta_2"":""4"",""Pregunta_3"":""4"",""Pregunta_4"":""4"",""Pregunta_5"":""3"",""Pregunta_6"":""4"",""Pregunta_7"":""4"",""Pregunta_8"":""4"",""Pregunta_9"":""4"",""Pregunta_10"":""4"",""comentario"":""El personal administrativo es amable, responsable con los alumnos y siempre estan atentos cuando requerimos comunicarnos con ellos.""}"
29,"{""Pregunta_1"":""4"",""Pregunta_2"":""4"",""Pregunta_3"":""4"",""Pregunta_4"":""4"",""Pregunta_5"":""4"",""Pregunta_6"":""3"",""Pregunta_7"":""4"",""Pregunta_8"":""4"",""Pregunta_9"":""4"",""Pregunta_10"":""4"",""comentario"":""Nunca he tenido ningun problema con lo administrativo ni su personal.""}"
30,"{""Pregunta_1"":""3"",""Pregunta_2"":""3"",""Pregunta_3"":""4"",""Pregunta_4"":""3"",""Pregunta_5"":""4"",""Pregunta_6"":""3"",""Pregunta_7"":""3"",""Pregunta_8"":""3"",""Pregunta_9"":""4"",""Pregunta_10"":""4"",""comentario"":""Escribe aqu\u00ed tus comentarios. (Recuerda borrar este texto antes de escribir tu comentario)""}"
31,"{""Pregunta_1"":""4"",""Pregunta_2"":""4"",""Pregunta_3"":""4"",""Pregunta_4"":""1"",""Pregunta_5"":""4"",""Pregunta_6"":""4"",""Pregunta_7"":""4"",""Pregunta_8"":""4"",""Pregunta_9"":""4"",""Pregunta_10"":""4"",""comentario"":""Escribe aqu\u00ed tus comentarios. (Recuerda borrar este texto antes de escribir tu comentario)""}"
32,"{""Pregunta_1"":""3"",""Pregunta_2"":""3"",""Pregunta_3"":""3"",""Pregunta_4"":""3"",""Pregunta_5"":""3"",""Pregunta_6"":""3"",""Pregunta_7"":""3"",""Pregunta_8"":""3"",""Pregunta_9"":""3"",""Pregunta_10"":""3"",""comentario"":""Escribe aqu\u00ed tus comentarios. (Recuerda borrar este texto antes de escribir tu comentario)""}"
33,"{""Pregunta_1"":""4"",""Pregunta_2"":""4"",""Pregunta_3"":""3"",""Pregunta_4"":""4"",""Pregunta_5"":""4"",""Pregunta_6"":""4"",""Pregunta_7"":""4"",""Pregunta_8"":""4"",""Pregunta_9"":""4"",""Pregunta_10"":""4"",""comentario"":""Escribe aqu\u00ed tus comentarios. (Recuerda borrar este texto antes de escribir tu comentario)""}"
34,"{""Pregunta_1"":""2"",""Pregunta_2"":""2"",""Pregunta_3"":""2"",""Pregunta_4"":""4"",""Pregunta_5"":""3"",""Pregunta_6"":""3"",""Pregunta_7"":""4"",""Pregunta_8"":""2"",""Pregunta_9"":""2"",""Pregunta_10"":""2"",""comentario"":""Escribe aqu\u00ed tus comentarios. (Recuerda borrar este texto antes de escribir tu comentario)""}"
35,"{""Pregunta_1"":""4"",""Pregunta_2"":""4"",""Pregunta_3"":""4"",""Pregunta_4"":""4"",""Pregunta_5"":""4"",""Pregunta_6"":""3"",""Pregunta_7"":""4"",""Pregunta_8"":""4"",""Pregunta_9"":""4"",""Pregunta_10"":""4"",""comentario"":""Escribe aqu\u00ed tus comentarios. (Recuerda borrar este texto antes de escribir tu comentario)""}"
36,"{""Pregunta_1"":""4"",""Pregunta_2"":""3"",""Pregunta_3"":""3"",""Pregunta_4"":""3"",""Pregunta_5"":""3"",""Pregunta_6"":""3"",""Pregunta_7"":""2"",""Pregunta_8"":""3"",""Pregunta_9"":""3"",""Pregunta_10"":""3"",""comentario"":""Escribe aqu\u00ed tus comentarios. (Recuerda borrar este texto antes de escribir tu comentario)""}"
37,"{""Pregunta_1"":""3"",""Pregunta_2"":""3"",""Pregunta_3"":""4"",""Pregunta_4"":""3"",""Pregunta_5"":""2"",""Pregunta_6"":""4"",""Pregunta_7"":""4"",""Pregunta_8"":""4"",""Pregunta_9"":""4"",""Pregunta_10"":""1"",""comentario"":""Desde que entr\u00f3 Sandra todo se a desarrollado mejor !!! ""}"
38,"{""Pregunta_1"":""3"",""Pregunta_2"":""3"",""Pregunta_3"":""3"",""Pregunta_4"":""2"",""Pregunta_5"":""3"",""Pregunta_6"":""3"",""Pregunta_7"":""4"",""Pregunta_8"":""3"",""Pregunta_9"":""3"",""Pregunta_10"":""3"",""comentario"":""Creo estar satisfecha con el trato, no he tenido problemas.""}"
39,"{""Pregunta_1"":""3"",""Pregunta_2"":""4"",""Pregunta_3"":""3"",""Pregunta_4"":""4"",""Pregunta_5"":""4"",""Pregunta_6"":""3"",""Pregunta_7"":""4"",""Pregunta_8"":""4"",""Pregunta_9"":""4"",""Pregunta_10"":""3"",""comentario"":""Brindan muy buen servicio, no tengo ninguna problem\u00e1tica y resuelven cualquier duda. ""}"
40,"{""Pregunta_1"":""3"",""Pregunta_2"":""3"",""Pregunta_3"":""3"",""Pregunta_4"":""3"",""Pregunta_5"":""3"",""Pregunta_6"":""3"",""Pregunta_7"":""3"",""Pregunta_8"":""3"",""Pregunta_9"":""3"",""Pregunta_10"":""3"",""comentario"":""El servicio esta mejorando, el cambio de personal en algunas \u00e1reas ha sido positivo. \r\nEn mi punto de vista no es profesional usar perfiles personales de facebook para atender asuntos escolares, sugiero que se cree un facebook para el \u00e1rea asignada ejem: Escolare, Coordinaci\u00f3n, etc. en lugar de Maria Gutierrez. \r\nSe que quiz\u00e1s no tenga mucha importancia pero contestar o mandar informaci\u00f3n todo en may\u00fasculas no me parece apropiado.\r\nLa puntualidad debe ser una prioridad, si se inician las clases o servicios a las 8, el plantel debe estar listo para actividades a las 7:30.\r\nDe antemano agradezco la oportunidad que nos brindar para comentar.""}"
41,"{""Pregunta_1"":""3"",""Pregunta_2"":""4"",""Pregunta_3"":""2"",""Pregunta_4"":""3"",""Pregunta_5"":""3"",""Pregunta_6"":""3"",""Pregunta_7"":""3"",""Pregunta_8"":""3"",""Pregunta_9"":""3"",""Pregunta_10"":""3"",""comentario"":""Escribe aqu\u00ed tus comentarios. (Recuerda borrar este texto antes de escribir tu comentario)""}"
42,"{""Pregunta_1"":""1"",""Pregunta_2"":""1"",""Pregunta_3"":""2"",""Pregunta_4"":""1"",""Pregunta_5"":""2"",""Pregunta_6"":""2"",""Pregunta_7"":""1"",""Pregunta_8"":""2"",""Pregunta_9"":""2"",""Pregunta_10"":""1"",""comentario"":""la persona que se encuentra en el \u00e1rea de administraci\u00f3n atiende de muy mala gana. ""}"
43,"{""Pregunta_1"":""4"",""Pregunta_2"":""4"",""Pregunta_3"":""4"",""Pregunta_4"":""4"",""Pregunta_5"":""4"",""Pregunta_6"":""4"",""Pregunta_7"":""4"",""Pregunta_8"":""4"",""Pregunta_9"":""4"",""Pregunta_10"":""4"",""comentario"":""Escribe aqu\u00ed tus comentarios. (Recuerda borrar este texto antes de escribir tu comentario)""}"
44,"{""Pregunta_1"":""4"",""Pregunta_2"":""4"",""Pregunta_3"":""3"",""Pregunta_4"":""3"",""Pregunta_5"":""4"",""Pregunta_6"":""4"",""Pregunta_7"":""4"",""Pregunta_8"":""4"",""Pregunta_9"":""4"",""Pregunta_10"":""4"",""comentario"":""Escribe aqu\u00ed tus comentarios. (Recuerda borrar este texto antes de escribir tu comentario)""}"
45,"{""Pregunta_1"":""4"",""Pregunta_2"":""4"",""Pregunta_3"":""3"",""Pregunta_4"":""4"",""Pregunta_5"":""4"",""Pregunta_6"":""4"",""Pregunta_7"":""4"",""Pregunta_8"":""4"",""Pregunta_9"":""4"",""Pregunta_10"":""4"",""comentario"":""El personal de administraci\u00f3n y servicios escolares tiene mucha empat\u00eda y dedicaci\u00f3n hacia los alumnos, les agradezco las atenciones que nos han brindado a lo largo de este tiempo.""}"
46,"{""Pregunta_1"":""4"",""Pregunta_2"":""4"",""Pregunta_3"":""4"",""Pregunta_4"":""4"",""Pregunta_5"":""4"",""Pregunta_6"":""4"",""Pregunta_7"":""4"",""Pregunta_8"":""4"",""Pregunta_9"":""4"",""Pregunta_10"":""4"",""comentario"":""siempre atendieron y respondieron mis dudas.""}"
47,"{""Pregunta_1"":""4"",""Pregunta_2"":""3"",""Pregunta_3"":""3"",""Pregunta_4"":""4"",""Pregunta_5"":""4"",""Pregunta_6"":""4"",""Pregunta_7"":""4"",""Pregunta_8"":""4"",""Pregunta_9"":""4"",""Pregunta_10"":""4"",""comentario"":""Escribe aqu\u00ed tus comentarios. (Recuerda borrar este texto antes de escribir tu comentario)""}"
48,"{""Pregunta_1"":""4"",""Pregunta_2"":""4"",""Pregunta_3"":""4"",""Pregunta_4"":""4"",""Pregunta_5"":""4"",""Pregunta_6"":""4"",""Pregunta_7"":""4"",""Pregunta_8"":""4"",""Pregunta_9"":""3"",""Pregunta_10"":""4"",""comentario"":""Escribe aqu\u00ed tus comentarios. (Recuerda borrar este texto antes de escribir tu comentario)""}"
49,"{""Pregunta_1"":""4"",""Pregunta_2"":""4"",""Pregunta_3"":""4"",""Pregunta_4"":""4"",""Pregunta_5"":""4"",""Pregunta_6"":""4"",""Pregunta_7"":""4"",""Pregunta_8"":""4"",""Pregunta_9"":""4"",""Pregunta_10"":""4"",""comentario"":""excelente servicio ""}"
50,"{""Pregunta_1"":""4"",""Pregunta_2"":""4"",""Pregunta_3"":""4"",""Pregunta_4"":""4"",""Pregunta_5"":""4"",""Pregunta_6"":""4"",""Pregunta_7"":""4"",""Pregunta_8"":""4"",""Pregunta_9"":""4"",""Pregunta_10"":""4"",""comentario"":""Escribe aqu\u00ed tus comentarios. (Recuerda borrar este texto antes de escribir tu comentario)""}"
51,"{""Pregunta_1"":""3"",""Pregunta_2"":""4"",""Pregunta_3"":""3"",""Pregunta_4"":""4"",""Pregunta_5"":""3"",""Pregunta_6"":""3"",""Pregunta_7"":""4"",""Pregunta_8"":""4"",""Pregunta_9"":""4"",""Pregunta_10"":""4"",""comentario"":""Muy buena cordinacion""}"
52,"{""Pregunta_1"":""4"",""Pregunta_2"":""4"",""Pregunta_3"":""4"",""Pregunta_4"":""3"",""Pregunta_5"":""4"",""Pregunta_6"":""4"",""Pregunta_7"":""4"",""Pregunta_8"":""4"",""Pregunta_9"":""3"",""Pregunta_10"":""4"",""comentario"":""Escribe aqu\u00ed tus comentarios. (Recuerda borrar este texto antes de escribir tu comentario)""}"
53,"{""Pregunta_1"":""3"",""Pregunta_2"":""3"",""Pregunta_3"":""2"",""Pregunta_4"":""4"",""Pregunta_5"":""1"",""Pregunta_6"":""2"",""Pregunta_7"":""3"",""Pregunta_8"":""3"",""Pregunta_9"":""1"",""Pregunta_10"":""2"",""comentario"":""Escribe aqu\u00ed tus comentarios. (Recuerda borrar este texto antes de escribir tu comentario)""}"
54,"{""Pregunta_1"":""2"",""Pregunta_2"":""4"",""Pregunta_3"":""3"",""Pregunta_4"":""2"",""Pregunta_5"":""4"",""Pregunta_6"":""3"",""Pregunta_7"":""4"",""Pregunta_8"":""2"",""Pregunta_9"":""3"",""Pregunta_10"":""4"",""comentario"":""Los valores son necesarios al representar una instituci\u00f3n ""}"
55,"{""Pregunta_1"":""4"",""Pregunta_2"":""3"",""Pregunta_3"":""3"",""Pregunta_4"":""4"",""Pregunta_5"":""3"",""Pregunta_6"":""3"",""Pregunta_7"":""3"",""Pregunta_8"":""4"",""Pregunta_9"":""3"",""Pregunta_10"":""4"",""comentario"":""""}"
56,"{""Pregunta_1"":""3"",""Pregunta_2"":""3"",""Pregunta_3"":""2"",""Pregunta_4"":""3"",""Pregunta_5"":""3"",""Pregunta_6"":""3"",""Pregunta_7"":""3"",""Pregunta_8"":""3"",""Pregunta_9"":""3"",""Pregunta_10"":""3"",""comentario"":""Escribe aqu\u00ed tus comentarios. (Recuerda borrar este texto antes de escribir tu comentario)""}"
57,"{""Pregunta_1"":""4"",""Pregunta_2"":""4"",""Pregunta_3"":""4"",""Pregunta_4"":""4"",""Pregunta_5"":""4"",""Pregunta_6"":""4"",""Pregunta_7"":""4"",""Pregunta_8"":""4"",""Pregunta_9"":""4"",""Pregunta_10"":""1"",""comentario"":""Escribe aqu\u00ed tus comentarios. (Recuerda borrar este texto antes de escribir tu comentario)""}"
58,"{""Pregunta_1"":""4"",""Pregunta_2"":""4"",""Pregunta_3"":""4"",""Pregunta_4"":""4"",""Pregunta_5"":""4"",""Pregunta_6"":""3"",""Pregunta_7"":""4"",""Pregunta_8"":""4"",""Pregunta_9"":""4"",""Pregunta_10"":""3"",""comentario"":"" ""}"
59,"{""Pregunta_1"":""4"",""Pregunta_2"":""4"",""Pregunta_3"":""4"",""Pregunta_4"":""4"",""Pregunta_5"":""3"",""Pregunta_6"":""4"",""Pregunta_7"":""4"",""Pregunta_8"":""4"",""Pregunta_9"":""4"",""Pregunta_10"":""4"",""comentario"":""excelente personal de servicio administrativo desde mi  opini\u00f3n si muestran los valores con los que navega la instituci\u00f3n, sobre todo con la empat\u00eda que tienen para algunos de los alumnos, saludos en general y felices fiestas una menci\u00f3n honorifica para la Lic. Sandra bustillo que es una excelente coordinadora ""}"
60,"{""Pregunta_1"":""4"",""Pregunta_2"":""4"",""Pregunta_3"":""4"",""Pregunta_4"":""4"",""Pregunta_5"":""4"",""Pregunta_6"":""4"",""Pregunta_7"":""4"",""Pregunta_8"":""4"",""Pregunta_9"":""4"",""Pregunta_10"":""4"",""comentario"":""Escribe aqu\u00ed tus comentarios. (Recuerda borrar este texto antes de escribir tu comentario)""}"
61,"{""Pregunta_1"":""3"",""Pregunta_2"":""3"",""Pregunta_3"":""2"",""Pregunta_4"":""4"",""Pregunta_5"":""4"",""Pregunta_6"":""3"",""Pregunta_7"":""4"",""Pregunta_8"":""3"",""Pregunta_9"":""3"",""Pregunta_10"":""4"",""comentario"":""""}"
62,"{""Pregunta_1"":""3"",""Pregunta_2"":""2"",""Pregunta_3"":""3"",""Pregunta_4"":""3"",""Pregunta_5"":""3"",""Pregunta_6"":""3"",""Pregunta_7"":""3"",""Pregunta_8"":""3"",""Pregunta_9"":""3"",""Pregunta_10"":""3"",""comentario"":""Escribe aqu\u00ed tus comentarios. (Recuerda borrar este texto antes de escribir tu comentario)""}"
63,"{""Pregunta_1"":""4"",""Pregunta_2"":""4"",""Pregunta_3"":""4"",""Pregunta_4"":""4"",""Pregunta_5"":""4"",""Pregunta_6"":""4"",""Pregunta_7"":""4"",""Pregunta_8"":""4"",""Pregunta_9"":""4"",""Pregunta_10"":""4"",""comentario"":""Que todo los docentes son muy ecelentes maestros y apoyan en todo ""}"
64,"{""Pregunta_1"":""4"",""Pregunta_2"":""4"",""Pregunta_3"":""4"",""Pregunta_4"":""4"",""Pregunta_5"":""4"",""Pregunta_6"":""3"",""Pregunta_7"":""3"",""Pregunta_8"":""3"",""Pregunta_9"":""4"",""Pregunta_10"":""4"",""comentario"":""Es una buena universidad y su personal es bueno me gusta ""}"
65,"{""Pregunta_1"":""4"",""Pregunta_2"":""4"",""Pregunta_3"":""4"",""Pregunta_4"":""4"",""Pregunta_5"":""4"",""Pregunta_6"":""4"",""Pregunta_7"":""4"",""Pregunta_8"":""4"",""Pregunta_9"":""4"",""Pregunta_10"":""4"",""comentario"":""Escribe aqu\u00ed tus comentarios. (Recuerda borrar este texto antes de escribir tu comentario)""}"
66,"{""Pregunta_1"":""4"",""Pregunta_2"":""3"",""Pregunta_3"":""4"",""Pregunta_4"":""3"",""Pregunta_5"":""4"",""Pregunta_6"":""4"",""Pregunta_7"":""4"",""Pregunta_8"":""4"",""Pregunta_9"":""4"",""Pregunta_10"":""4"",""comentario"":""Otorgan una amplia disponibilidad y siempre capaces de atenderte con la mejor disposici\u00f3n ""}"
67,"{""Pregunta_1"":""4"",""Pregunta_2"":""4"",""Pregunta_3"":""4"",""Pregunta_4"":""4"",""Pregunta_5"":""4"",""Pregunta_6"":""4"",""Pregunta_7"":""4"",""Pregunta_8"":""4"",""Pregunta_9"":""3"",""Pregunta_10"":""4"",""comentario"":""Escribe aqu\u00ed tus comentarios. (Recuerda borrar este texto antes de escribir tu comentario)""}"
68,"{""Pregunta_1"":""4"",""Pregunta_2"":""4"",""Pregunta_3"":""4"",""Pregunta_4"":""4"",""Pregunta_5"":""4"",""Pregunta_6"":""4"",""Pregunta_7"":""4"",""Pregunta_8"":""4"",""Pregunta_9"":""4"",""Pregunta_10"":""4"",""comentario"":""Escribe aqu\u00ed tus comentarios. (Recuerda borrar este texto antes de escribir tu comentario)""}"
69,"{""Pregunta_1"":""4"",""Pregunta_2"":""4"",""Pregunta_3"":""4"",""Pregunta_4"":""4"",""Pregunta_5"":""4"",""Pregunta_6"":""4"",""Pregunta_7"":""4"",""Pregunta_8"":""4"",""Pregunta_9"":""4"",""Pregunta_10"":""4"",""comentario"":""Escribe aqu\u00ed tus comentarios. (Recuerda borrar este texto antes de escribir tu comentario)""}"
70,"{""Pregunta_1"":""4"",""Pregunta_2"":""4"",""Pregunta_3"":""4"",""Pregunta_4"":""4"",""Pregunta_5"":""4"",""Pregunta_6"":""4"",""Pregunta_7"":""4"",""Pregunta_8"":""4"",""Pregunta_9"":""4"",""Pregunta_10"":""4"",""comentario"":""El personal o departamento administrativo, son accesibles, eficientes, respetuosos y lo mas importante resuelven dudas o problem\u00e1ticas.""}"
71,"{""Pregunta_1"":""4"",""Pregunta_2"":""4"",""Pregunta_3"":""4"",""Pregunta_4"":""4"",""Pregunta_5"":""4"",""Pregunta_6"":""4"",""Pregunta_7"":""4"",""Pregunta_8"":""4"",""Pregunta_9"":""4"",""Pregunta_10"":""4"",""comentario"":""Escribe aqu\u00ed tus comentarios. (Recuerda borrar este texto antes de escribir tu comentario)""}"
72,"{""Pregunta_1"":""4"",""Pregunta_2"":""4"",""Pregunta_3"":""4"",""Pregunta_4"":""4"",""Pregunta_5"":""4"",""Pregunta_6"":""4"",""Pregunta_7"":""4"",""Pregunta_8"":""4"",""Pregunta_9"":""4"",""Pregunta_10"":""4"",""comentario"":""la atenci\u00f3n al estudiante es muy buena ""}"
73,"{""Pregunta_1"":""4"",""Pregunta_2"":""4"",""Pregunta_3"":""4"",""Pregunta_4"":""4"",""Pregunta_5"":""4"",""Pregunta_6"":""4"",""Pregunta_7"":""4"",""Pregunta_8"":""4"",""Pregunta_9"":""4"",""Pregunta_10"":""4"",""comentario"":""la atenci\u00f3n al estudiante es muy buena ""}"
74,"{""Pregunta_1"":""4"",""Pregunta_2"":""4"",""Pregunta_3"":""4"",""Pregunta_4"":""4"",""Pregunta_5"":""4"",""Pregunta_6"":""4"",""Pregunta_7"":""4"",""Pregunta_8"":""4"",""Pregunta_9"":""4"",""Pregunta_10"":""4"",""comentario"":""la atenci\u00f3n al estudiante es muy buena ""}"
75,"{""Pregunta_1"":""4"",""Pregunta_2"":""4"",""Pregunta_3"":""4"",""Pregunta_4"":""4"",""Pregunta_5"":""4"",""Pregunta_6"":""4"",""Pregunta_7"":""4"",""Pregunta_8"":""4"",""Pregunta_9"":""4"",""Pregunta_10"":""4"",""comentario"":""la atenci\u00f3n al estudiante es muy buena ""}"
76,"{""Pregunta_1"":""4"",""Pregunta_2"":""4"",""Pregunta_3"":""4"",""Pregunta_4"":""4"",""Pregunta_5"":""4"",""Pregunta_6"":""4"",""Pregunta_7"":""4"",""Pregunta_8"":""4"",""Pregunta_9"":""4"",""Pregunta_10"":""4"",""comentario"":""la atenci\u00f3n al estudiante es muy buena ""}"
77,"{""Pregunta_1"":""4"",""Pregunta_2"":""4"",""Pregunta_3"":""4"",""Pregunta_4"":""4"",""Pregunta_5"":""4"",""Pregunta_6"":""4"",""Pregunta_7"":""4"",""Pregunta_8"":""4"",""Pregunta_9"":""4"",""Pregunta_10"":""4"",""comentario"":""Escribe aqu\u00ed tus comentarios. (Recuerda borrar este texto antes de escribir tu comentario)""}"
78,"{""Pregunta_1"":""4"",""Pregunta_2"":""4"",""Pregunta_3"":""4"",""Pregunta_4"":""4"",""Pregunta_5"":""4"",""Pregunta_6"":""4"",""Pregunta_7"":""4"",""Pregunta_8"":""4"",""Pregunta_9"":""4"",""Pregunta_10"":""4"",""comentario"":""Siempre son muy amables, brindan muy buen trato!""}"
79,"{""Pregunta_1"":""4"",""Pregunta_2"":""4"",""Pregunta_3"":""3"",""Pregunta_4"":""3"",""Pregunta_5"":""4"",""Pregunta_6"":""4"",""Pregunta_7"":""4"",""Pregunta_8"":""4"",""Pregunta_9"":""4"",""Pregunta_10"":""4"",""comentario"":""Escribe aqu\u00ed tus comentarios. (Recuerda borrar este texto antes de escribir tu comentario)""}"
80,"{""Pregunta_1"":""4"",""Pregunta_2"":""4"",""Pregunta_3"":""4"",""Pregunta_4"":""4"",""Pregunta_5"":""4"",""Pregunta_6"":""4"",""Pregunta_7"":""4"",""Pregunta_8"":""4"",""Pregunta_9"":""4"",""Pregunta_10"":""4"",""comentario"":""el personal administrativo y de servicios , brindan la informacion de una manera rapida, cualquier duda que tengo me la responden , es muy agradable la forma de atender.""}"
81,"{""Pregunta_1"":""3"",""Pregunta_2"":""3"",""Pregunta_3"":""3"",""Pregunta_4"":""3"",""Pregunta_5"":""4"",""Pregunta_6"":""3"",""Pregunta_7"":""3"",""Pregunta_8"":""3"",""Pregunta_9"":""2"",""Pregunta_10"":""3"",""comentario"":""Escribe aqu\u00ed tus comentarios. (Recuerda borrar este texto antes de escribir tu comentario)""}"
82,"{""Pregunta_1"":""4"",""Pregunta_2"":""4"",""Pregunta_3"":""4"",""Pregunta_4"":""4"",""Pregunta_5"":""4"",""Pregunta_6"":""4"",""Pregunta_7"":""4"",""Pregunta_8"":""4"",""Pregunta_9"":""3"",""Pregunta_10"":""4"",""comentario"":""Me agrada mucho la universidad, y el rato que recibimos del personal en general.""}"
83,"{""Pregunta_1"":""4"",""Pregunta_2"":""4"",""Pregunta_3"":""4"",""Pregunta_4"":""4"",""Pregunta_5"":""4"",""Pregunta_6"":""4"",""Pregunta_7"":""4"",""Pregunta_8"":""4"",""Pregunta_9"":""4"",""Pregunta_10"":""4"",""comentario"":""En su mayor\u00eda, las consultas que realice fueron v\u00eda correo electr\u00f3nico y recib\u00ed una r\u00e1pida respuesta.""}"
84,"{""Pregunta_1"":""3"",""Pregunta_2"":""3"",""Pregunta_3"":""3"",""Pregunta_4"":""3"",""Pregunta_5"":""3"",""Pregunta_6"":""3"",""Pregunta_7"":""3"",""Pregunta_8"":""3"",""Pregunta_9"":""3"",""Pregunta_10"":""3"",""comentario"":""Escribe aqu\u00ed tus comentarios. (Recuerda borrar este texto antes de escribir tu comentario)""}"
85,"{""Pregunta_1"":""4"",""Pregunta_2"":""4"",""Pregunta_3"":""4"",""Pregunta_4"":""4"",""Pregunta_5"":""4"",""Pregunta_6"":""4"",""Pregunta_7"":""4"",""Pregunta_8"":""4"",""Pregunta_9"":""4"",""Pregunta_10"":""4"",""comentario"":""Los compa\u00f1eros son muy deedicados , muy amables , simp\u00e1tics , respetuosos y atienden Muy bienn\ud83e\udd70 gracias ""}"
86,"{""Pregunta_1"":""4"",""Pregunta_2"":""4"",""Pregunta_3"":""3"",""Pregunta_4"":""3"",""Pregunta_5"":""4"",""Pregunta_6"":""3"",""Pregunta_7"":""4"",""Pregunta_8"":""4"",""Pregunta_9"":""3"",""Pregunta_10"":""4"",""comentario"":""Escribe aqu\u00ed tus comentarios. (Recuerda borrar este texto antes de escribir tu comentario)""}"
87,"{""Pregunta_1"":""4"",""Pregunta_2"":""4"",""Pregunta_3"":""4"",""Pregunta_4"":""4"",""Pregunta_5"":""4"",""Pregunta_6"":""3"",""Pregunta_7"":""4"",""Pregunta_8"":""4"",""Pregunta_9"":""4"",""Pregunta_10"":""4"",""comentario"":""Escribe aqu\u00ed tus comentarios. (Recuerda borrar este texto antes de escribir tu comentario)""}"
88,"{""Pregunta_1"":""4"",""Pregunta_2"":""4"",""Pregunta_3"":""3"",""Pregunta_4"":""3"",""Pregunta_5"":""4"",""Pregunta_6"":""4"",""Pregunta_7"":""4"",""Pregunta_8"":""4"",""Pregunta_9"":""4"",""Pregunta_10"":""4"",""comentario"":""Escribe aqu\u00ed tus comentarios. (Recuerda borrar este texto antes de escribir tu comentario)""}"
89,"{""Pregunta_1"":""4"",""Pregunta_2"":""4"",""Pregunta_3"":""4"",""Pregunta_4"":""4"",""Pregunta_5"":""4"",""Pregunta_6"":""4"",""Pregunta_7"":""4"",""Pregunta_8"":""4"",""Pregunta_9"":""4"",""Pregunta_10"":""4"",""comentario"":""Escribe aqu\u00ed tus comentarios. (Recuerda borrar este texto antes de escribir tu comentario)""}"
90,"{""Pregunta_1"":""4"",""Pregunta_2"":""4"",""Pregunta_3"":""4"",""Pregunta_4"":""4"",""Pregunta_5"":""4"",""Pregunta_6"":""4"",""Pregunta_7"":""4"",""Pregunta_8"":""4"",""Pregunta_9"":""4"",""Pregunta_10"":""4"",""comentario"":""Escribe aqu\u00ed tus comentarios. (Recuerda borrar este texto antes de escribir tu comentario)""}"
91,"{""Pregunta_1"":""3"",""Pregunta_2"":""3"",""Pregunta_3"":""3"",""Pregunta_4"":""4"",""Pregunta_5"":""4"",""Pregunta_6"":""3"",""Pregunta_7"":""3"",""Pregunta_8"":""3"",""Pregunta_9"":""2"",""Pregunta_10"":""3"",""comentario"":""Escribe aqu\u00ed tus comentarios. (Recuerda borrar este texto antes de escribir tu comentario)""}"
92,"{""Pregunta_1"":""4"",""Pregunta_2"":""4"",""Pregunta_3"":""4"",""Pregunta_4"":""3"",""Pregunta_5"":""4"",""Pregunta_6"":""4"",""Pregunta_7"":""4"",""Pregunta_8"":""4"",""Pregunta_9"":""4"",""Pregunta_10"":""4"",""comentario"":""Escribe aqu\u00ed tus comentarios. (Recuerda borrar este texto antes de escribir tu comentario)""}"
93,"{""Pregunta_1"":""4"",""Pregunta_2"":""4"",""Pregunta_3"":""4"",""Pregunta_4"":""3"",""Pregunta_5"":""4"",""Pregunta_6"":""4"",""Pregunta_7"":""4"",""Pregunta_8"":""4"",""Pregunta_9"":""4"",""Pregunta_10"":""4"",""comentario"":""Escribe aqu\u00ed tus comentarios. (Recuerda borrar este texto antes de escribir tu comentario)""}"
94,"{""Pregunta_1"":""4"",""Pregunta_2"":""3"",""Pregunta_3"":""3"",""Pregunta_4"":""4"",""Pregunta_5"":""4"",""Pregunta_6"":""4"",""Pregunta_7"":""4"",""Pregunta_8"":""4"",""Pregunta_9"":""3"",""Pregunta_10"":""3"",""comentario"":""Escribe aqu\u00ed tus comentarios. (Recuerda borrar este texto antes de escribir tu comentario)""}"
95,"{""Pregunta_1"":""4"",""Pregunta_2"":""4"",""Pregunta_3"":""4"",""Pregunta_4"":""4"",""Pregunta_5"":""3"",""Pregunta_6"":""4"",""Pregunta_7"":""4"",""Pregunta_8"":""4"",""Pregunta_9"":""4"",""Pregunta_10"":""4"",""comentario"":""Escribe aqu\u00ed tus comentarios. (Recuerda borrar este texto antes de escribir tu comentario)""}"
96,"{""Pregunta_1"":""4"",""Pregunta_2"":""4"",""Pregunta_3"":""3"",""Pregunta_4"":""3"",""Pregunta_5"":""4"",""Pregunta_6"":""3"",""Pregunta_7"":""3"",""Pregunta_8"":""3"",""Pregunta_9"":""3"",""Pregunta_10"":""4"",""comentario"":""Escribe aqu\u00ed tus comentarios. (Recuerda borrar este texto antes de escribir tu comentario)""}"
97,"{""Pregunta_1"":""4"",""Pregunta_2"":""4"",""Pregunta_3"":""4"",""Pregunta_4"":""4"",""Pregunta_5"":""3"",""Pregunta_6"":""4"",""Pregunta_7"":""4"",""Pregunta_8"":""4"",""Pregunta_9"":""4"",""Pregunta_10"":""4"",""comentario"":""El personal siempre est\u00e1 disponible ante cualquier  duda que surge, siempre con soluciones de acuerdo a nuestras posibilidades, amables y atentos!""}"
98,"{""Pregunta_1"":""4"",""Pregunta_2"":""4"",""Pregunta_3"":""4"",""Pregunta_4"":""4"",""Pregunta_5"":""4"",""Pregunta_6"":""4"",""Pregunta_7"":""4"",""Pregunta_8"":""4"",""Pregunta_9"":""4"",""Pregunta_10"":""4"",""comentario"":""No tengo ninguna queja con el tipo de servicio recibido gracias""}"
99,"{""Pregunta_1"":""4"",""Pregunta_2"":""3"",""Pregunta_3"":""3"",""Pregunta_4"":""3"",""Pregunta_5"":""4"",""Pregunta_6"":""4"",""Pregunta_7"":""4"",""Pregunta_8"":""3"",""Pregunta_9"":""3"",""Pregunta_10"":""3"",""comentario"":""El personal administrativo y dem\u00e1s te ayuda con tus problemas en entender algunas cosas y si te atiende, de forma formal. ""}"
100,"{""Pregunta_1"":""4"",""Pregunta_2"":""4"",""Pregunta_3"":""4"",""Pregunta_4"":""4"",""Pregunta_5"":""4"",""Pregunta_6"":""4"",""Pregunta_7"":""4"",""Pregunta_8"":""4"",""Pregunta_9"":""4"",""Pregunta_10"":""4"",""comentario"":""Escribe aqu\u00ed tus comentarios. (Recuerda borrar este texto antes de escribir tu comentario)""}"
101,"{""Pregunta_1"":""4"",""Pregunta_2"":""3"",""Pregunta_3"":""3"",""Pregunta_4"":""3"",""Pregunta_5"":""2"",""Pregunta_6"":""3"",""Pregunta_7"":""3"",""Pregunta_8"":""2"",""Pregunta_9"":""3"",""Pregunta_10"":""4"",""comentario"":""Necesitamosnmas mas apoyo para la elavoracion de practicas por parte de la institucion asi como equipo, material para realizarlas ""}"
102,"{""Pregunta_1"":""3"",""Pregunta_2"":""4"",""Pregunta_3"":""4"",""Pregunta_4"":""4"",""Pregunta_5"":""3"",""Pregunta_6"":""4"",""Pregunta_7"":""4"",""Pregunta_8"":""4"",""Pregunta_9"":""4"",""Pregunta_10"":""4"",""comentario"":""Sin comentarios.\r\nTodo bien!!!""}"
103,"{""Pregunta_1"":""4"",""Pregunta_2"":""4"",""Pregunta_3"":""4"",""Pregunta_4"":""4"",""Pregunta_5"":""4"",""Pregunta_6"":""4"",""Pregunta_7"":""4"",""Pregunta_8"":""4"",""Pregunta_9"":""4"",""Pregunta_10"":""4"",""comentario"":""Escribe aqu\u00ed tus comentarios. (Recuerda borrar este texto antes de escribir tu comentario)""}"
104,"{""Pregunta_1"":""4"",""Pregunta_2"":""4"",""Pregunta_3"":""4"",""Pregunta_4"":""4"",""Pregunta_5"":""3"",""Pregunta_6"":""4"",""Pregunta_7"":""4"",""Pregunta_8"":""4"",""Pregunta_9"":""4"",""Pregunta_10"":""4"",""comentario"":""El personal administrativo en lo personal siempre resolv\u00edan dudas y atend\u00edan cada pregunta o comentario que se nos presentar\u00e1. Est\u00e1n administrados de tal manera que cada \u00e1rea es atendida adecuadamente respecto a cualquier duda o en su caso inconveniente que se nos presentar\u00e1, siempre muy atentos y respetuosos. ""}"
105,"{""Pregunta_1"":""3"",""Pregunta_2"":""3"",""Pregunta_3"":""2"",""Pregunta_4"":""3"",""Pregunta_5"":""3"",""Pregunta_6"":""4"",""Pregunta_7"":""4"",""Pregunta_8"":""3"",""Pregunta_9"":""3"",""Pregunta_10"":""4"",""comentario"":""Son atentos, pero no estar\u00eda mal brindar m\u00e1s atenci\u00f3n a los estudiantes.""}"
106,"{""Pregunta_1"":""4"",""Pregunta_2"":""4"",""Pregunta_3"":""4"",""Pregunta_4"":""4"",""Pregunta_5"":""3"",""Pregunta_6"":""3"",""Pregunta_7"":""4"",""Pregunta_8"":""4"",""Pregunta_9"":""3"",""Pregunta_10"":""3"",""comentario"":""Escribe aqu\u00ed tus comentarios. (Recuerda borrar este texto antes de escribir tu comentario)""}"
107,"{""Pregunta_1"":""4"",""Pregunta_2"":""4"",""Pregunta_3"":""4"",""Pregunta_4"":""4"",""Pregunta_5"":""3"",""Pregunta_6"":""4"",""Pregunta_7"":""4"",""Pregunta_8"":""4"",""Pregunta_9"":""4"",""Pregunta_10"":""4"",""comentario"":""Muy eficaces""}"
108,"{""Pregunta_1"":""4"",""Pregunta_2"":""4"",""Pregunta_3"":""2"",""Pregunta_4"":""3"",""Pregunta_5"":""4"",""Pregunta_6"":""4"",""Pregunta_7"":""4"",""Pregunta_8"":""3"",""Pregunta_9"":""2"",""Pregunta_10"":""4"",""comentario"":""Le doy las gracias por tomar en cuenta la opini\u00f3n de los alumnos.\r\nUna cosa que quiero mencionar, es que tengan maestros preparados y que amen su profesi\u00f3n y no nada m\u00e1s por el dinero, tuve una mala experiencia con una maestra que me reprob\u00f3, seg\u00fan ella yo no estaba en la plataforma, cuando si estaba y entregue los trabajos a tiempo.  Solo que tomen en cuenta que es una universidad privada, en donde el alumno debe de recibir el mejor trato.""}"
109,"{""Pregunta_1"":""4"",""Pregunta_2"":""4"",""Pregunta_3"":""3"",""Pregunta_4"":""3"",""Pregunta_5"":""4"",""Pregunta_6"":""3"",""Pregunta_7"":""3"",""Pregunta_8"":""4"",""Pregunta_9"":""3"",""Pregunta_10"":""4"",""comentario"":""Escribe aqu\u00ed tus comentarios. (Recuerda borrar este texto antes de escribir tu comentario)""}"
110,"{""Pregunta_1"":""3"",""Pregunta_2"":""4"",""Pregunta_3"":""3"",""Pregunta_4"":""3"",""Pregunta_5"":""3"",""Pregunta_6"":""3"",""Pregunta_7"":""3"",""Pregunta_8"":""3"",""Pregunta_9"":""3"",""Pregunta_10"":""3"",""comentario"":""Escribe aqu\u00ed tus comentarios. (Recuerda borrar este texto antes de escribir tu comentario)""}"
111,"{""Pregunta_1"":""3"",""Pregunta_2"":""4"",""Pregunta_3"":""2"",""Pregunta_4"":""4"",""Pregunta_5"":""2"",""Pregunta_6"":""2"",""Pregunta_7"":""2"",""Pregunta_8"":""2"",""Pregunta_9"":""2"",""Pregunta_10"":""4"",""comentario"":""Escribe aqu\u00ed tus comentarios. (Recuerda borrar este texto antes de escribir tu comentario)""}"
112,"{""Pregunta_1"":""3"",""Pregunta_2"":""4"",""Pregunta_3"":""4"",""Pregunta_4"":""4"",""Pregunta_5"":""4"",""Pregunta_6"":""4"",""Pregunta_7"":""4"",""Pregunta_8"":""4"",""Pregunta_9"":""4"",""Pregunta_10"":""4"",""comentario"":""Escribe aqu\u00ed tus comentarios. (Recuerda borrar este texto antes de escribir tu comentario)""}"
113,"{""Pregunta_1"":""4"",""Pregunta_2"":""4"",""Pregunta_3"":""4"",""Pregunta_4"":""4"",""Pregunta_5"":""4"",""Pregunta_6"":""4"",""Pregunta_7"":""4"",""Pregunta_8"":""4"",""Pregunta_9"":""4"",""Pregunta_10"":""4"",""comentario"":""Escribe aqu\u00ed tus comentarios. (Recuerda borrar este texto antes de escribir tu comentario)""}"
114,"{""Pregunta_1"":""4"",""Pregunta_2"":""4"",""Pregunta_3"":""4"",""Pregunta_4"":""3"",""Pregunta_5"":""4"",""Pregunta_6"":""4"",""Pregunta_7"":""4"",""Pregunta_8"":""4"",""Pregunta_9"":""3"",""Pregunta_10"":""4"",""comentario"":""Escribe aqu\u00ed tus comentarios. (Recuerda borrar este texto antes de escribir tu comentario)""}"
115,"{""Pregunta_1"":""4"",""Pregunta_2"":""4"",""Pregunta_3"":""4"",""Pregunta_4"":""4"",""Pregunta_5"":""4"",""Pregunta_6"":""4"",""Pregunta_7"":""4"",""Pregunta_8"":""4"",""Pregunta_9"":""4"",""Pregunta_10"":""4"",""comentario"":""Escribe aqu\u00ed tus comentarios. (Recuerda borrar este texto antes de escribir tu comentario)""}"
116,"{""Pregunta_1"":""4"",""Pregunta_2"":""4"",""Pregunta_3"":""4"",""Pregunta_4"":""4"",""Pregunta_5"":""4"",""Pregunta_6"":""4"",""Pregunta_7"":""4"",""Pregunta_8"":""4"",""Pregunta_9"":""4"",""Pregunta_10"":""4"",""comentario"":""Escribe aqu\u00ed tus comentarios. (Recuerda borrar este texto antes de escribir tu comentario)""}"
117,"{""Pregunta_1"":""4"",""Pregunta_2"":""4"",""Pregunta_3"":""4"",""Pregunta_4"":""4"",""Pregunta_5"":""4"",""Pregunta_6"":""4"",""Pregunta_7"":""4"",""Pregunta_8"":""4"",""Pregunta_9"":""4"",""Pregunta_10"":""4"",""comentario"":""Escribe aqu\u00ed tus comentarios. (Recuerda borrar este texto antes de escribir tu comentario)""}"
118,"{""Pregunta_1"":""3"",""Pregunta_2"":""3"",""Pregunta_3"":""3"",""Pregunta_4"":""3"",""Pregunta_5"":""2"",""Pregunta_6"":""3"",""Pregunta_7"":""4"",""Pregunta_8"":""4"",""Pregunta_9"":""3"",""Pregunta_10"":""3"",""comentario"":""Escribe aqu\u00ed tus comentarios. (Recuerda borrar este texto antes de escribir tu comentario)""}"
119,"{""Pregunta_1"":""4"",""Pregunta_2"":""4"",""Pregunta_3"":""4"",""Pregunta_4"":""4"",""Pregunta_5"":""4"",""Pregunta_6"":""4"",""Pregunta_7"":""3"",""Pregunta_8"":""4"",""Pregunta_9"":""4"",""Pregunta_10"":""4"",""comentario"":""Son amables y muy serviales, apoyan a sus estudiantes en tiempo de dificultades. Son compencibles. ""}"
120,"{""Pregunta_1"":""4"",""Pregunta_2"":""4"",""Pregunta_3"":""4"",""Pregunta_4"":""4"",""Pregunta_5"":""4"",""Pregunta_6"":""4"",""Pregunta_7"":""4"",""Pregunta_8"":""4"",""Pregunta_9"":""4"",""Pregunta_10"":""4"",""comentario"":""Escribe aqu\u00ed tus comentarios. (Recuerda borrar este texto antes de escribir tu comentario)""}"
121,"{""Pregunta_1"":""4"",""Pregunta_2"":""4"",""Pregunta_3"":""4"",""Pregunta_4"":""4"",""Pregunta_5"":""4"",""Pregunta_6"":""4"",""Pregunta_7"":""4"",""Pregunta_8"":""4"",""Pregunta_9"":""4"",""Pregunta_10"":""4"",""comentario"":""Escribe aqu\u00ed tus comentarios. (Recuerda borrar este texto antes de escribir tu comentario)""}"
122,"{""Pregunta_1"":""4"",""Pregunta_2"":""4"",""Pregunta_3"":""4"",""Pregunta_4"":""4"",""Pregunta_5"":""4"",""Pregunta_6"":""4"",""Pregunta_7"":""4"",""Pregunta_8"":""4"",""Pregunta_9"":""4"",""Pregunta_10"":""4"",""comentario"":""Todas mis dudas fueron aclaradas con amabilidad y con congruencia me brindaron atenci\u00f3n as\u00ed les llamar\u00e1 5 veces al d\u00eda Muchas Gracias ""}"
123,"{""Pregunta_1"":""3"",""Pregunta_2"":""3"",""Pregunta_3"":""3"",""Pregunta_4"":""3"",""Pregunta_5"":""3"",""Pregunta_6"":""3"",""Pregunta_7"":""3"",""Pregunta_8"":""3"",""Pregunta_9"":""3"",""Pregunta_10"":""3"",""comentario"":""Escribe aqu\u00ed tus comentarios. (Recuerda borrar este texto antes de escribir tu comentario)""}"
124,"{""Pregunta_1"":""4"",""Pregunta_2"":""4"",""Pregunta_3"":""4"",""Pregunta_4"":""4"",""Pregunta_5"":""4"",""Pregunta_6"":""4"",""Pregunta_7"":""4"",""Pregunta_8"":""4"",""Pregunta_9"":""4"",""Pregunta_10"":""4"",""comentario"":""Escribe aqu\u00ed tus comentarios. (Recuerda borrar este texto antes de escribir tu comentario)""}"
125,"{""Pregunta_1"":""4"",""Pregunta_2"":""4"",""Pregunta_3"":""4"",""Pregunta_4"":""4"",""Pregunta_5"":""4"",""Pregunta_6"":""4"",""Pregunta_7"":""4"",""Pregunta_8"":""4"",""Pregunta_9"":""4"",""Pregunta_10"":""4"",""comentario"":""Universidad de ensenada cuenta con un personal administrativo muy amable , es muy entendible a la hora de realizar los pagos y si en dado caso de que tengas alg\u00fan desvalanze econ\u00f3mico te dan oportunidad y es de mi parte es muy buena instituci\u00f3n \ud83d\ude0a""}"
126,"{""Pregunta_1"":""2"",""Pregunta_2"":""2"",""Pregunta_3"":""2"",""Pregunta_4"":""3"",""Pregunta_5"":""2"",""Pregunta_6"":""2"",""Pregunta_7"":""2"",""Pregunta_8"":""2"",""Pregunta_9"":""2"",""Pregunta_10"":""3"",""comentario"":""Escribe aqu\u00ed tus comentarios. (Recuerda borrar este texto antes de escribir tu comentario)""}"
127,"{""Pregunta_1"":""4"",""Pregunta_2"":""4"",""Pregunta_3"":""3"",""Pregunta_4"":""4"",""Pregunta_5"":""4"",""Pregunta_6"":""3"",""Pregunta_7"":""3"",""Pregunta_8"":""4"",""Pregunta_9"":""4"",""Pregunta_10"":""4"",""comentario"":""Por mi parte el servicio  es bueno ya que cuando yo silicito apoyo para algun  tramite  que necesito hacer  cuento con el apoyo del personal.""}"
128,"{""Pregunta_1"":""4"",""Pregunta_2"":""4"",""Pregunta_3"":""4"",""Pregunta_4"":""4"",""Pregunta_5"":""4"",""Pregunta_6"":""4"",""Pregunta_7"":""4"",""Pregunta_8"":""4"",""Pregunta_9"":""4"",""Pregunta_10"":""4"",""comentario"":""en lo personal siempre an sido amables y muy respetuosos.  a mis peticiones y dudas. exelente  trabajando.  ""}"
129,"{""Pregunta_1"":""4"",""Pregunta_2"":""4"",""Pregunta_3"":""2"",""Pregunta_4"":""1"",""Pregunta_5"":""4"",""Pregunta_6"":""4"",""Pregunta_7"":""4"",""Pregunta_8"":""4"",""Pregunta_9"":""2"",""Pregunta_10"":""4"",""comentario"":""Escribe aqu\u00ed tus comentarios. (Recuerda borrar este texto antes de escribir tu comentario)""}"
130,"{""Pregunta_1"":""4"",""Pregunta_2"":""4"",""Pregunta_3"":""4"",""Pregunta_4"":""4"",""Pregunta_5"":""4"",""Pregunta_6"":""4"",""Pregunta_7"":""4"",""Pregunta_8"":""4"",""Pregunta_9"":""4"",""Pregunta_10"":""4"",""comentario"":""Escribe aqu\u00ed tus comentarios. (Recuerda borrar este texto antes de escribir tu comentario)""}"
131,"{""Pregunta_1"":""4"",""Pregunta_2"":""4"",""Pregunta_3"":""4"",""Pregunta_4"":""4"",""Pregunta_5"":""4"",""Pregunta_6"":""4"",""Pregunta_7"":""4"",""Pregunta_8"":""4"",""Pregunta_9"":""4"",""Pregunta_10"":""3"",""comentario"":""""}"
132,"{""Pregunta_1"":""4"",""Pregunta_2"":""4"",""Pregunta_3"":""3"",""Pregunta_4"":""3"",""Pregunta_5"":""4"",""Pregunta_6"":""3"",""Pregunta_7"":""4"",""Pregunta_8"":""4"",""Pregunta_9"":""4"",""Pregunta_10"":""4"",""comentario"":""Escribe aqu\u00ed tus comentarios. (Recuerda borrar este texto antes de escribir tu comentario)""}"
133,"{""Pregunta_1"":""4"",""Pregunta_2"":""4"",""Pregunta_3"":""3"",""Pregunta_4"":""4"",""Pregunta_5"":""4"",""Pregunta_6"":""4"",""Pregunta_7"":""3"",""Pregunta_8"":""4"",""Pregunta_9"":""4"",""Pregunta_10"":""4"",""comentario"":""Escribe aqu\u00ed tus comentarios. (Recuerda borrar este texto antes de escribir tu comentario)""}"
134,"{""Pregunta_1"":""3"",""Pregunta_2"":""3"",""Pregunta_3"":""3"",""Pregunta_4"":""4"",""Pregunta_5"":""3"",""Pregunta_6"":""3"",""Pregunta_7"":""4"",""Pregunta_8"":""4"",""Pregunta_9"":""3"",""Pregunta_10"":""4"",""comentario"":""Escribe aqu\u00ed tus comentarios. (Recuerda borrar este texto antes de escribir tu comentario)""}"
135,"{""Pregunta_1"":""4"",""Pregunta_2"":""4"",""Pregunta_3"":""3"",""Pregunta_4"":""4"",""Pregunta_5"":""4"",""Pregunta_6"":""4"",""Pregunta_7"":""4"",""Pregunta_8"":""4"",""Pregunta_9"":""4"",""Pregunta_10"":""4"",""comentario"":""Quiero agradecer a todos ya que siempre se han portado de una manera muy amable , atenta , y sobre todo respetuosa ""}"
136,"{""Pregunta_1"":""4"",""Pregunta_2"":""3"",""Pregunta_3"":""4"",""Pregunta_4"":""3"",""Pregunta_5"":""3"",""Pregunta_6"":""4"",""Pregunta_7"":""4"",""Pregunta_8"":""4"",""Pregunta_9"":""4"",""Pregunta_10"":""4"",""comentario"":""Escribe aqu\u00ed tus comentarios. (Recuerda borrar este texto antes de escribir tu comentario)""}"
137,"{""Pregunta_1"":""4"",""Pregunta_2"":""4"",""Pregunta_3"":""4"",""Pregunta_4"":""4"",""Pregunta_5"":""4"",""Pregunta_6"":""4"",""Pregunta_7"":""4"",""Pregunta_8"":""4"",""Pregunta_9"":""4"",""Pregunta_10"":""4"",""comentario"":""Excelente servicio por parte del personal administrativo ""}"
138,"{""Pregunta_1"":""4"",""Pregunta_2"":""4"",""Pregunta_3"":""4"",""Pregunta_4"":""2"",""Pregunta_5"":""3"",""Pregunta_6"":""4"",""Pregunta_7"":""3"",""Pregunta_8"":""3"",""Pregunta_9"":""3"",""Pregunta_10"":""3"",""comentario"":""Escribe aqu\u00ed tus comentarios. (Recuerda borrar este texto antes de escribir tu comentario)""}"
139,"{""Pregunta_1"":""4"",""Pregunta_2"":""4"",""Pregunta_3"":""4"",""Pregunta_4"":""4"",""Pregunta_5"":""4"",""Pregunta_6"":""4"",""Pregunta_7"":""4"",""Pregunta_8"":""4"",""Pregunta_9"":""4"",""Pregunta_10"":""4"",""comentario"":""Escribe aqu\u00ed tus comentarios. (Recuerda borrar este texto antes de escribir tu comentario)""}"
140,"{""Pregunta_1"":""4"",""Pregunta_2"":""4"",""Pregunta_3"":""4"",""Pregunta_4"":""4"",""Pregunta_5"":""4"",""Pregunta_6"":""4"",""Pregunta_7"":""4"",""Pregunta_8"":""4"",""Pregunta_9"":""4"",""Pregunta_10"":""4"",""comentario"":""Escribe aqu\u00ed tus comentarios. (Recuerda borrar este texto antes de escribir tu comentario)""}"
141,"{""Pregunta_1"":""3"",""Pregunta_2"":""3"",""Pregunta_3"":""3"",""Pregunta_4"":""3"",""Pregunta_5"":""4"",""Pregunta_6"":""3"",""Pregunta_7"":""4"",""Pregunta_8"":""3"",""Pregunta_9"":""3"",""Pregunta_10"":""4"",""comentario"":""En general tanto administrativos como profesores de la escuela se desempe\u00f1an de buena manera en su trabajo.""}"
142,"{""Pregunta_1"":""3"",""Pregunta_2"":""4"",""Pregunta_3"":""4"",""Pregunta_4"":""4"",""Pregunta_5"":""4"",""Pregunta_6"":""3"",""Pregunta_7"":""3"",""Pregunta_8"":""4"",""Pregunta_9"":""2"",""Pregunta_10"":""4"",""comentario"":""Escribe aqu\u00ed tus comentarios. (Recuerda borrar este texto antes de escribir tu comentario)""}"
143,"{""Pregunta_1"":""4"",""Pregunta_2"":""3"",""Pregunta_3"":""3"",""Pregunta_4"":""4"",""Pregunta_5"":""4"",""Pregunta_6"":""3"",""Pregunta_7"":""4"",""Pregunta_8"":""3"",""Pregunta_9"":""4"",""Pregunta_10"":""3"",""comentario"":""Escribe aqu\u00ed tus comentarios. (Recuerda borrar este texto antes de escribir tu comentario)""}"
144,"{""Pregunta_1"":""4"",""Pregunta_2"":""4"",""Pregunta_3"":""4"",""Pregunta_4"":""4"",""Pregunta_5"":""4"",""Pregunta_6"":""4"",""Pregunta_7"":""4"",""Pregunta_8"":""4"",""Pregunta_9"":""4"",""Pregunta_10"":""4"",""comentario"":""Es bueno el trato del personal hacia los alumnos ""}"
145,"{""Pregunta_1"":""4"",""Pregunta_2"":""3"",""Pregunta_3"":""3"",""Pregunta_4"":""3"",""Pregunta_5"":""3"",""Pregunta_6"":""4"",""Pregunta_7"":""3"",""Pregunta_8"":""3"",""Pregunta_9"":""3"",""Pregunta_10"":""3"",""comentario"":"" Dan buen servicio, solo que a veces tardan en responder""}"
146,"{""Pregunta_1"":""3"",""Pregunta_2"":""4"",""Pregunta_3"":""3"",""Pregunta_4"":""4"",""Pregunta_5"":""4"",""Pregunta_6"":""4"",""Pregunta_7"":""4"",""Pregunta_8"":""4"",""Pregunta_9"":""3"",""Pregunta_10"":""4"",""comentario"":""Escribe aqu\u00ed tus comentarios. (Recuerda borrar este texto antes de escribir tu comentario)""}"
147,"{""Pregunta_1"":""4"",""Pregunta_2"":""4"",""Pregunta_3"":""4"",""Pregunta_4"":""4"",""Pregunta_5"":""4"",""Pregunta_6"":""4"",""Pregunta_7"":""4"",""Pregunta_8"":""4"",""Pregunta_9"":""4"",""Pregunta_10"":""4"",""comentario"":""Escribe aqu\u00ed tus comentarios. (Recuerda borrar este texto antes de escribir tu comentario)""}"
148,"{""Pregunta_1"":""4"",""Pregunta_2"":""4"",""Pregunta_3"":""4"",""Pregunta_4"":""4"",""Pregunta_5"":""4"",""Pregunta_6"":""4"",""Pregunta_7"":""4"",""Pregunta_8"":""4"",""Pregunta_9"":""4"",""Pregunta_10"":""4"",""comentario"":""Me tratan muy bien ""}"
149,"{""Pregunta_1"":""4"",""Pregunta_2"":""4"",""Pregunta_3"":""4"",""Pregunta_4"":""4"",""Pregunta_5"":""4"",""Pregunta_6"":""4"",""Pregunta_7"":""4"",""Pregunta_8"":""4"",""Pregunta_9"":""4"",""Pregunta_10"":""4"",""comentario"":""En todas las ocaciones que eh requerido ayuda del personal administrativo la respuesta es muy r\u00e1pida y siempre buscan ayudarte a aclarar tus dudas o dar seguimiento a las mismas""}"
150,"{""Pregunta_1"":""4"",""Pregunta_2"":""3"",""Pregunta_3"":""3"",""Pregunta_4"":""4"",""Pregunta_5"":""4"",""Pregunta_6"":""4"",""Pregunta_7"":""4"",""Pregunta_8"":""4"",""Pregunta_9"":""4"",""Pregunta_10"":""4"",""comentario"":""Escribe aqu\u00ed tus comentarios. (Recuerda borrar este texto antes de escribir tu comentario)""}"
151,"{""Pregunta_1"":""4"",""Pregunta_2"":""4"",""Pregunta_3"":""4"",""Pregunta_4"":""3"",""Pregunta_5"":""4"",""Pregunta_6"":""4"",""Pregunta_7"":""4"",""Pregunta_8"":""4"",""Pregunta_9"":""4"",""Pregunta_10"":""4"",""comentario"":""Escribe aqu\u00ed tus comentarios. (Recuerda borrar este texto antes de escribir tu comentario) los administrativos son perfectos todo es f\u00e1cil en cual quier horario ""}"
152,"{""Pregunta_1"":""4"",""Pregunta_2"":""4"",""Pregunta_3"":""4"",""Pregunta_4"":""4"",""Pregunta_5"":""3"",""Pregunta_6"":""4"",""Pregunta_7"":""4"",""Pregunta_8"":""4"",""Pregunta_9"":""4"",""Pregunta_10"":""4"",""comentario"":""Siempre son muy claros con respecto a nuestras dudas que nos surgen en el trayecto. ""}"
153,"{""Pregunta_1"":""4"",""Pregunta_2"":""4"",""Pregunta_3"":""4"",""Pregunta_4"":""4"",""Pregunta_5"":""4"",""Pregunta_6"":""4"",""Pregunta_7"":""4"",""Pregunta_8"":""4"",""Pregunta_9"":""4"",""Pregunta_10"":""4"",""comentario"":""Excelente servicio!! ""}"
154,"{""Pregunta_1"":""4"",""Pregunta_2"":""4"",""Pregunta_3"":""4"",""Pregunta_4"":""4"",""Pregunta_5"":""4"",""Pregunta_6"":""4"",""Pregunta_7"":""4"",""Pregunta_8"":""4"",""Pregunta_9"":""4"",""Pregunta_10"":""4"",""comentario"":""Escribe aqu\u00ed tus comentarios. (Recuerda borrar este texto antes de escribir tu comentario)""}"
155,"{""Pregunta_1"":""4"",""Pregunta_2"":""4"",""Pregunta_3"":""4"",""Pregunta_4"":""4"",""Pregunta_5"":""4"",""Pregunta_6"":""4"",""Pregunta_7"":""4"",""Pregunta_8"":""4"",""Pregunta_9"":""4"",""Pregunta_10"":""4"",""comentario"":""Escribe aqu\u00ed tus comentarios. (Recuerda borrar este texto antes de escribir tu comentario)""}"
156,"{""Pregunta_1"":""4"",""Pregunta_2"":""4"",""Pregunta_3"":""4"",""Pregunta_4"":""4"",""Pregunta_5"":""4"",""Pregunta_6"":""4"",""Pregunta_7"":""4"",""Pregunta_8"":""4"",""Pregunta_9"":""4"",""Pregunta_10"":""4"",""comentario"":""Escribe aqu\u00ed tus comentarios. (Recuerda borrar este texto antes de escribir tu comentario)""}"
157,"{""Pregunta_1"":""4"",""Pregunta_2"":""4"",""Pregunta_3"":""4"",""Pregunta_4"":""4"",""Pregunta_5"":""4"",""Pregunta_6"":""4"",""Pregunta_7"":""4"",""Pregunta_8"":""4"",""Pregunta_9"":""4"",""Pregunta_10"":""4"",""comentario"":""Tienen buena a tensi\u00f3n y siempre est\u00e1n dispuestos a responder cualquier duda que tengamos""}"
158,"{""Pregunta_1"":""4"",""Pregunta_2"":""4"",""Pregunta_3"":""4"",""Pregunta_4"":""4"",""Pregunta_5"":""4"",""Pregunta_6"":""4"",""Pregunta_7"":""4"",""Pregunta_8"":""4"",""Pregunta_9"":""4"",""Pregunta_10"":""4"",""comentario"":""Escribe aqu\u00ed tus comentarios. (Recuerda borrar este texto antes de escribir tu comentario)""}"
159,"{""Pregunta_1"":""4"",""Pregunta_2"":""4"",""Pregunta_3"":""4"",""Pregunta_4"":""4"",""Pregunta_5"":""3"",""Pregunta_6"":""4"",""Pregunta_7"":""4"",""Pregunta_8"":""4"",""Pregunta_9"":""4"",""Pregunta_10"":""4"",""comentario"":""Escribe aqu\u00ed tus comentarios. (Recuerda borrar este texto antes de escribir tu comentario)""}"
160,"{""Pregunta_1"":""4"",""Pregunta_2"":""4"",""Pregunta_3"":""4"",""Pregunta_4"":""4"",""Pregunta_5"":""4"",""Pregunta_6"":""4"",""Pregunta_7"":""4"",""Pregunta_8"":""4"",""Pregunta_9"":""4"",""Pregunta_10"":""4"",""comentario"":""Escribe aqu\u00ed tus comentarios. (Recuerda borrar este texto antes de escribir tu comentario)""}"
161,"{""Pregunta_1"":""4"",""Pregunta_2"":""3"",""Pregunta_3"":""3"",""Pregunta_4"":""3"",""Pregunta_5"":""3"",""Pregunta_6"":""3"",""Pregunta_7"":""4"",""Pregunta_8"":""4"",""Pregunta_9"":""4"",""Pregunta_10"":""4"",""comentario"":""No existe quejas relacionadas con el personal administrativo y servicios de la universidad, dado que a pesar de un limitado horario de disposici\u00f3n se sabe que ser\u00e1s bien atendido.""}"
162,"{""Pregunta_1"":""3"",""Pregunta_2"":""3"",""Pregunta_3"":""3"",""Pregunta_4"":""3"",""Pregunta_5"":""3"",""Pregunta_6"":""3"",""Pregunta_7"":""3"",""Pregunta_8"":""3"",""Pregunta_9"":""3"",""Pregunta_10"":""3"",""comentario"":""Muchas gracias.""}"
163,"{""Pregunta_1"":""4"",""Pregunta_2"":""4"",""Pregunta_3"":""4"",""Pregunta_4"":""4"",""Pregunta_5"":""4"",""Pregunta_6"":""4"",""Pregunta_7"":""4"",""Pregunta_8"":""4"",""Pregunta_9"":""4"",""Pregunta_10"":""4"",""comentario"":""Escribe aqu\u00ed tus comentarios. (Recuerda borrar este texto antes de escribir tu comentario)""}"
164,"{""Pregunta_1"":""4"",""Pregunta_2"":""3"",""Pregunta_3"":""4"",""Pregunta_4"":""4"",""Pregunta_5"":""3"",""Pregunta_6"":""3"",""Pregunta_7"":""4"",""Pregunta_8"":""4"",""Pregunta_9"":""4"",""Pregunta_10"":""4"",""comentario"":""No ha habido alg\u00fan inconveniente con el personal administrativo y de servicios de la universidad. A pesar del limitado horario de atenci\u00f3n se sabe que ser\u00e1s bien atendido(valga la redundancia).""}"
165,"{""Pregunta_1"":""4"",""Pregunta_2"":""4"",""Pregunta_3"":""4"",""Pregunta_4"":""4"",""Pregunta_5"":""4"",""Pregunta_6"":""4"",""Pregunta_7"":""4"",""Pregunta_8"":""4"",""Pregunta_9"":""4"",""Pregunta_10"":""4"",""comentario"":""Escribe aqu\u00ed tus comentarios. (Recuerda borrar este texto antes de escribir tu comentario)""}"
166,"{""Pregunta_1"":""4"",""Pregunta_2"":""3"",""Pregunta_3"":""4"",""Pregunta_4"":""4"",""Pregunta_5"":""4"",""Pregunta_6"":""3"",""Pregunta_7"":""4"",""Pregunta_8"":""4"",""Pregunta_9"":""4"",""Pregunta_10"":""3"",""comentario"":""Escribe aqu\u00ed tus comentarios. (Recuerda borrar este texto antes de escribir tu comentario)""}"
167,"{""Pregunta_1"":""4"",""Pregunta_2"":""4"",""Pregunta_3"":""4"",""Pregunta_4"":""4"",""Pregunta_5"":""4"",""Pregunta_6"":""4"",""Pregunta_7"":""4"",""Pregunta_8"":""4"",""Pregunta_9"":""4"",""Pregunta_10"":""4"",""comentario"":""Bien ""}"
168,"{""Pregunta_1"":""3"",""Pregunta_2"":""3"",""Pregunta_3"":""4"",""Pregunta_4"":""1"",""Pregunta_5"":""4"",""Pregunta_6"":""3"",""Pregunta_7"":""3"",""Pregunta_8"":""3"",""Pregunta_9"":""3"",""Pregunta_10"":""3"",""comentario"":""Hasta la fecha no he tenido ning\u00fan problema, pero tampoco he tenido la necesidad de ocupar algo por parte de ellos.""}"
169,"{""Pregunta_1"":""4"",""Pregunta_2"":""4"",""Pregunta_3"":""4"",""Pregunta_4"":""4"",""Pregunta_5"":""4"",""Pregunta_6"":""4"",""Pregunta_7"":""4"",""Pregunta_8"":""4"",""Pregunta_9"":""4"",""Pregunta_10"":""4"",""comentario"":""Escribe aqu\u00ed tus comentarios. (Recuerda borrar este texto antes de escribir tu comentario)""}"
170,"{""Pregunta_1"":""4"",""Pregunta_2"":""4"",""Pregunta_3"":""1"",""Pregunta_4"":""4"",""Pregunta_5"":""1"",""Pregunta_6"":""4"",""Pregunta_7"":""1"",""Pregunta_8"":""1"",""Pregunta_9"":""1"",""Pregunta_10"":""1"",""comentario"":""Escribe aqu\u00ed tus comentarios. (Recuerda borrar este texto antes de escribir tu comentario)""}"
171,"{""Pregunta_1"":""4"",""Pregunta_2"":""4"",""Pregunta_3"":""4"",""Pregunta_4"":""4"",""Pregunta_5"":""4"",""Pregunta_6"":""4"",""Pregunta_7"":""4"",""Pregunta_8"":""4"",""Pregunta_9"":""4"",""Pregunta_10"":""4"",""comentario"":""Escribe aqu\u00ed tus comentarios. (Recuerda borrar este texto antes de escribir tu comentario)""}"
172,"{""Pregunta_1"":""4"",""Pregunta_2"":""4"",""Pregunta_3"":""4"",""Pregunta_4"":""4"",""Pregunta_5"":""4"",""Pregunta_6"":""4"",""Pregunta_7"":""4"",""Pregunta_8"":""4"",""Pregunta_9"":""4"",""Pregunta_10"":""4"",""comentario"":""Todo bien.  Gracias ""}"
173,"{""Pregunta_1"":""4"",""Pregunta_2"":""4"",""Pregunta_3"":""4"",""Pregunta_4"":""4"",""Pregunta_5"":""4"",""Pregunta_6"":""4"",""Pregunta_7"":""4"",""Pregunta_8"":""4"",""Pregunta_9"":""4"",""Pregunta_10"":""4"",""comentario"":""Todos son muy profesionales y se nota el compromiso con la escuela.""}"
174,"{""Pregunta_1"":""4"",""Pregunta_2"":""4"",""Pregunta_3"":""4"",""Pregunta_4"":""4"",""Pregunta_5"":""4"",""Pregunta_6"":""4"",""Pregunta_7"":""4"",""Pregunta_8"":""4"",""Pregunta_9"":""4"",""Pregunta_10"":""4"",""comentario"":""Escribe aqu\u00ed tus comentarios. (Recuerda borrar este texto antes de escribir tu comentario)""}"
175,"{""Pregunta_1"":""4"",""Pregunta_2"":""4"",""Pregunta_3"":""3"",""Pregunta_4"":""4"",""Pregunta_5"":""2"",""Pregunta_6"":""3"",""Pregunta_7"":""4"",""Pregunta_8"":""3"",""Pregunta_9"":""4"",""Pregunta_10"":""4"",""comentario"":""El servicio administrativo ha mejorado y se ha adaptado a las adversidades que se nos han presentado, no obstante siguen al pendiente del alumnado y buscan innovar continuamente para proporcionar una mejor calidad educativa.""}"
176,"{""Pregunta_1"":""4"",""Pregunta_2"":""4"",""Pregunta_3"":""3"",""Pregunta_4"":""4"",""Pregunta_5"":""2"",""Pregunta_6"":""4"",""Pregunta_7"":""4"",""Pregunta_8"":""4"",""Pregunta_9"":""4"",""Pregunta_10"":""4"",""comentario"":""El servicio administrativo ha mejorado y se ha adaptado a las adversidades que se nos han presentado, no obstante siguen al pendiente del alumnado y buscan innovar continuamente para proporcionar una mejor calidad educativa.""}"
177,"{""Pregunta_1"":""4"",""Pregunta_2"":""4"",""Pregunta_3"":""3"",""Pregunta_4"":""4"",""Pregunta_5"":""2"",""Pregunta_6"":""3"",""Pregunta_7"":""4"",""Pregunta_8"":""4"",""Pregunta_9"":""4"",""Pregunta_10"":""4"",""comentario"":""El servicio administrativo ha mejorado y se ha adaptado a las adversidades que se nos han presentado, no obstante siguen al pendiente del alumnado y buscan innovar continuamente para proporcionar una mejor calidad educativa.""}"
178,"{""Pregunta_1"":""4"",""Pregunta_2"":""4"",""Pregunta_3"":""4"",""Pregunta_4"":""4"",""Pregunta_5"":""4"",""Pregunta_6"":""4"",""Pregunta_7"":""4"",""Pregunta_8"":""4"",""Pregunta_9"":""4"",""Pregunta_10"":""4"",""comentario"":""Escribe aqu\u00ed tus comentarios. (Recuerda borrar este texto antes de escribir tu comentario)""}"
179,"{""Pregunta_1"":""4"",""Pregunta_2"":""4"",""Pregunta_3"":""3"",""Pregunta_4"":""4"",""Pregunta_5"":""4"",""Pregunta_6"":""3"",""Pregunta_7"":""4"",""Pregunta_8"":""4"",""Pregunta_9"":""4"",""Pregunta_10"":""4"",""comentario"":""Escribe aqu\u00ed tus comentarios. (Recuerda borrar este texto antes de escribir tu comentario)""}"
180,"{""Pregunta_1"":""2"",""Pregunta_2"":""2"",""Pregunta_3"":""3"",""Pregunta_4"":""3"",""Pregunta_5"":""2"",""Pregunta_6"":""3"",""Pregunta_7"":""3"",""Pregunta_8"":""3"",""Pregunta_9"":""3"",""Pregunta_10"":""4"",""comentario"":""Escribe aqu\u00ed tus comentarios. (Recuerda borrar este texto antes de escribir tu comentario)""}"
181,"{""Pregunta_1"":""3"",""Pregunta_2"":""1"",""Pregunta_3"":""4"",""Pregunta_4"":""3"",""Pregunta_5"":""4"",""Pregunta_6"":""3"",""Pregunta_7"":""3"",""Pregunta_8"":""3"",""Pregunta_9"":""3"",""Pregunta_10"":""4"",""comentario"":""La forma de atender al alumno, es muy bueno ""}"
182,"{""Pregunta_1"":""4"",""Pregunta_2"":""4"",""Pregunta_3"":""4"",""Pregunta_4"":""4"",""Pregunta_5"":""4"",""Pregunta_6"":""3"",""Pregunta_7"":""3"",""Pregunta_8"":""4"",""Pregunta_9"":""4"",""Pregunta_10"":""3"",""comentario"":""al menos en mi experiencia no he tenido una queja al respecto, han sido muy amables y comprensibles. ""}"
183,"{""Pregunta_1"":""2"",""Pregunta_2"":""2"",""Pregunta_3"":""2"",""Pregunta_4"":""1"",""Pregunta_5"":""2"",""Pregunta_6"":""2"",""Pregunta_7"":""4"",""Pregunta_8"":""2"",""Pregunta_9"":""4"",""Pregunta_10"":""1"",""comentario"":""yo en lo personal casi no he ido ala univesidad porque siempre  hago llamadas telefonicas  para saber que esta pasando con mi situacion escolar. o si tengo alguna duda.""}"
184,"{""Pregunta_1"":""4"",""Pregunta_2"":""4"",""Pregunta_3"":""3"",""Pregunta_4"":""4"",""Pregunta_5"":""4"",""Pregunta_6"":""3"",""Pregunta_7"":""4"",""Pregunta_8"":""4"",""Pregunta_9"":""4"",""Pregunta_10"":""4"",""comentario"":""Escribe aqu\u00ed tus comentarios. (Recuerda borrar este texto antes de escribir tu comentario)""}"
185,"{""Pregunta_1"":""3"",""Pregunta_2"":""3"",""Pregunta_3"":""3"",""Pregunta_4"":""3"",""Pregunta_5"":""3"",""Pregunta_6"":""4"",""Pregunta_7"":""4"",""Pregunta_8"":""4"",""Pregunta_9"":""4"",""Pregunta_10"":""4"",""comentario"":""Escribe aqu\u00ed tus comentarios. (Recuerda borrar este texto antes de escribir tu comentario)""}"
186,"{""Pregunta_1"":""3"",""Pregunta_2"":""3"",""Pregunta_3"":""3"",""Pregunta_4"":""1"",""Pregunta_5"":""3"",""Pregunta_6"":""2"",""Pregunta_7"":""2"",""Pregunta_8"":""2"",""Pregunta_9"":""2"",""Pregunta_10"":""2"",""comentario"":""Escribe aqu\u00ed tus comentarios. (Recuerda borrar este texto antes de escribir tu comentario)""}"
187,"{""Pregunta_1"":""4"",""Pregunta_2"":""4"",""Pregunta_3"":""4"",""Pregunta_4"":""4"",""Pregunta_5"":""4"",""Pregunta_6"":""4"",""Pregunta_7"":""4"",""Pregunta_8"":""4"",""Pregunta_9"":""4"",""Pregunta_10"":""4"",""comentario"":""Excelente personal muy amables y considerados ""}"
188,"{""Pregunta_1"":""4"",""Pregunta_2"":""4"",""Pregunta_3"":""4"",""Pregunta_4"":""4"",""Pregunta_5"":""4"",""Pregunta_6"":""3"",""Pregunta_7"":""4"",""Pregunta_8"":""4"",""Pregunta_9"":""4"",""Pregunta_10"":""4"",""comentario"":""Deber\u00eda haber una parte en el aula virtual donde se ponga el promedio obtenido y las calificaciones de las materias""}"
189,"{""Pregunta_1"":""4"",""Pregunta_2"":""4"",""Pregunta_3"":""4"",""Pregunta_4"":""4"",""Pregunta_5"":""4"",""Pregunta_6"":""4"",""Pregunta_7"":""4"",""Pregunta_8"":""4"",""Pregunta_9"":""4"",""Pregunta_10"":""4"",""comentario"":""siempre nos han brindado un excelente servicio \r\nsiempre est\u00e1n para atender cualquier tipo de situaci\u00f3n y se han mostrado muy comprensibles y amables""}"
190,"{""Pregunta_1"":""2"",""Pregunta_2"":""2"",""Pregunta_3"":""4"",""Pregunta_4"":""3"",""Pregunta_5"":""4"",""Pregunta_6"":""3"",""Pregunta_7"":""4"",""Pregunta_8"":""4"",""Pregunta_9"":""3"",""Pregunta_10"":""4"",""comentario"":""Escribe aqu\u00ed tus comentarios. (Recuerda borrar este texto antes de escribir tu comentario)""}"
191,"{""Pregunta_1"":""4"",""Pregunta_2"":""4"",""Pregunta_3"":""4"",""Pregunta_4"":""4"",""Pregunta_5"":""4"",""Pregunta_6"":""4"",""Pregunta_7"":""4"",""Pregunta_8"":""4"",""Pregunta_9"":""4"",""Pregunta_10"":""4"",""comentario"":""En estos momentos sin queja alguna, exelente atenci\u00f3n gracias buen d\u00eda.""}"
192,"{""Pregunta_1"":""4"",""Pregunta_2"":""2"",""Pregunta_3"":""2"",""Pregunta_4"":""4"",""Pregunta_5"":""2"",""Pregunta_6"":""4"",""Pregunta_7"":""4"",""Pregunta_8"":""4"",""Pregunta_9"":""4"",""Pregunta_10"":""4"",""comentario"":""a veces por el tel\u00e9fono no me proporcionan la info adecuada ""}"
193,"{""Pregunta_1"":""4"",""Pregunta_2"":""4"",""Pregunta_3"":""4"",""Pregunta_4"":""1"",""Pregunta_5"":""4"",""Pregunta_6"":""4"",""Pregunta_7"":""4"",""Pregunta_8"":""4"",""Pregunta_9"":""4"",""Pregunta_10"":""4"",""comentario"":""Escribe aqu\u00ed tus comentarios. (Recuerda borrar este texto antes de escribir tu comentario)""}"
194,"{""Pregunta_1"":""4"",""Pregunta_2"":""4"",""Pregunta_3"":""4"",""Pregunta_4"":""4"",""Pregunta_5"":""4"",""Pregunta_6"":""4"",""Pregunta_7"":""4"",""Pregunta_8"":""4"",""Pregunta_9"":""4"",""Pregunta_10"":""3"",""comentario"":""Escribe aqu\u00ed tus comentarios. (Recuerda borrar este texto antes de escribir tu comentario)""}"
195,"{""Pregunta_1"":""4"",""Pregunta_2"":""3"",""Pregunta_3"":""3"",""Pregunta_4"":""4"",""Pregunta_5"":""2"",""Pregunta_6"":""3"",""Pregunta_7"":""4"",""Pregunta_8"":""3"",""Pregunta_9"":""4"",""Pregunta_10"":""2"",""comentario"":""Escribe aqu\u00ed tus comentarios. (Recuerda borrar este texto antes de escribir tu comentario)""}"
196,"{""Pregunta_1"":""4"",""Pregunta_2"":""4"",""Pregunta_3"":""4"",""Pregunta_4"":""4"",""Pregunta_5"":""4"",""Pregunta_6"":""4"",""Pregunta_7"":""4"",""Pregunta_8"":""4"",""Pregunta_9"":""4"",""Pregunta_10"":""4"",""comentario"":""el personal administrativo es todo momento muy amable y eficiente en atender las necesidades de los alumnos y en ayudar a agilizar procedimientos.""}"
197,"{""Pregunta_1"":""4"",""Pregunta_2"":""4"",""Pregunta_3"":""4"",""Pregunta_4"":""4"",""Pregunta_5"":""4"",""Pregunta_6"":""4"",""Pregunta_7"":""4"",""Pregunta_8"":""4"",""Pregunta_9"":""4"",""Pregunta_10"":""4"",""comentario"":""Escribe aqu\u00ed tus comentarios. (Recuerda borrar este texto antes de escribir tu comentario)""}"
198,"{""Pregunta_1"":""4"",""Pregunta_2"":""4"",""Pregunta_3"":""4"",""Pregunta_4"":""4"",""Pregunta_5"":""4"",""Pregunta_6"":""4"",""Pregunta_7"":""4"",""Pregunta_8"":""3"",""Pregunta_9"":""4"",""Pregunta_10"":""4"",""comentario"":""todo bien ""}"
199,"{""Pregunta_1"":""3"",""Pregunta_2"":""3"",""Pregunta_3"":""2"",""Pregunta_4"":""4"",""Pregunta_5"":""4"",""Pregunta_6"":""3"",""Pregunta_7"":""4"",""Pregunta_8"":""4"",""Pregunta_9"":""3"",""Pregunta_10"":""4"",""comentario"":""Escribe aqu\u00ed tus comentarios. (Recuerda borrar este texto antes de escribir tu comentario)""}"
200,"{""Pregunta_1"":""4"",""Pregunta_2"":""4"",""Pregunta_3"":""4"",""Pregunta_4"":""4"",""Pregunta_5"":""4"",""Pregunta_6"":""4"",""Pregunta_7"":""4"",""Pregunta_8"":""4"",""Pregunta_9"":""4"",""Pregunta_10"":""4"",""comentario"":""Escribe aqu\u00ed tus comentarios. (Recuerda borrar este texto antes de escribir tu comentario)""}"
201,"{""Pregunta_1"":""4"",""Pregunta_2"":""4"",""Pregunta_3"":""4"",""Pregunta_4"":""4"",""Pregunta_5"":""4"",""Pregunta_6"":""4"",""Pregunta_7"":""4"",""Pregunta_8"":""4"",""Pregunta_9"":""4"",""Pregunta_10"":""4"",""comentario"":""La verdad estoy completamente agradecido ,con todo el personal de la universidad ya que siempre que tengo alguna duda me la resuelven  y de una manera muy amable, atenta y muy accesibles ,si pudiera poner una calificaci\u00f3n seria un 10.""}"
202,"{""Pregunta_1"":""4"",""Pregunta_2"":""4"",""Pregunta_3"":""4"",""Pregunta_4"":""4"",""Pregunta_5"":""4"",""Pregunta_6"":""4"",""Pregunta_7"":""4"",""Pregunta_8"":""4"",""Pregunta_9"":""4"",""Pregunta_10"":""4"",""comentario"":""Excelente servicio \u2b50\u2b50\u2b50\u2b50\u2b50""}"
203,"{""Pregunta_1"":""2"",""Pregunta_2"":""2"",""Pregunta_3"":""2"",""Pregunta_4"":""3"",""Pregunta_5"":""2"",""Pregunta_6"":""3"",""Pregunta_7"":""2"",""Pregunta_8"":""3"",""Pregunta_9"":""2"",""Pregunta_10"":""4"",""comentario"":""Escribe aqu\u00ed tus comentarios. (Recuerda borrar este texto antes de escribir tu comentario)""}"
204,"{""Pregunta_1"":""4"",""Pregunta_2"":""4"",""Pregunta_3"":""4"",""Pregunta_4"":""4"",""Pregunta_5"":""3"",""Pregunta_6"":""4"",""Pregunta_7"":""4"",""Pregunta_8"":""4"",""Pregunta_9"":""3"",""Pregunta_10"":""4"",""comentario"":""Escribe aqu\u00ed tus comentarios. (Recuerda borrar este texto antes de escribir tu comentario)""}"
205,"{""Pregunta_1"":""4"",""Pregunta_2"":""4"",""Pregunta_3"":""4"",""Pregunta_4"":""4"",""Pregunta_5"":""4"",""Pregunta_6"":""4"",""Pregunta_7"":""4"",""Pregunta_8"":""4"",""Pregunta_9"":""4"",""Pregunta_10"":""4"",""comentario"":""Escribe aqu\u00ed tus comentarios. (Recuerda borrar este texto antes de escribir tu comentario)""}"
206,"{""Pregunta_1"":""4"",""Pregunta_2"":""4"",""Pregunta_3"":""3"",""Pregunta_4"":""4"",""Pregunta_5"":""4"",""Pregunta_6"":""3"",""Pregunta_7"":""4"",""Pregunta_8"":""4"",""Pregunta_9"":""4"",""Pregunta_10"":""4"",""comentario"":""Excelente servicio solo el Horario siempre Me confundo con las horas de comida y las horas de Servicio ""}"
207,"{""Pregunta_1"":""3"",""Pregunta_2"":""3"",""Pregunta_3"":""2"",""Pregunta_4"":""2"",""Pregunta_5"":""4"",""Pregunta_6"":""3"",""Pregunta_7"":""3"",""Pregunta_8"":""3"",""Pregunta_9"":""3"",""Pregunta_10"":""4"",""comentario"":""Escribe aqu\u00ed tus comentarios. (Recuerda borrar este texto antes de escribir tu comentario)""}"
208,"{""Pregunta_1"":""4"",""Pregunta_2"":""4"",""Pregunta_3"":""3"",""Pregunta_4"":""4"",""Pregunta_5"":""4"",""Pregunta_6"":""4"",""Pregunta_7"":""4"",""Pregunta_8"":""4"",""Pregunta_9"":""4"",""Pregunta_10"":""3"",""comentario"":""Escribe aqu\u00ed tus comentarios. (Recuerda borrar este texto antes de escribir tu comentario)""}"
209,"{""Pregunta_1"":""4"",""Pregunta_2"":""4"",""Pregunta_3"":""4"",""Pregunta_4"":""4"",""Pregunta_5"":""4"",""Pregunta_6"":""4"",""Pregunta_7"":""4"",""Pregunta_8"":""4"",""Pregunta_9"":""3"",""Pregunta_10"":""4"",""comentario"":""Escribe aqu\u00ed tus comentarios. (Recuerda borrar este texto antes de escribir tu comentario)""}"
210,"{""Pregunta_1"":""4"",""Pregunta_2"":""4"",""Pregunta_3"":""4"",""Pregunta_4"":""3"",""Pregunta_5"":""4"",""Pregunta_6"":""4"",""Pregunta_7"":""4"",""Pregunta_8"":""2"",""Pregunta_9"":""4"",""Pregunta_10"":""4"",""comentario"":""Escribe aqu\u00ed tus comentarios. (Recuerda borrar este texto antes de escribir tu comentario)""}"
211,"{""Pregunta_1"":""3"",""Pregunta_2"":""4"",""Pregunta_3"":""4"",""Pregunta_4"":""4"",""Pregunta_5"":""4"",""Pregunta_6"":""3"",""Pregunta_7"":""4"",""Pregunta_8"":""4"",""Pregunta_9"":""4"",""Pregunta_10"":""4"",""comentario"":""Escribe aqu\u00ed tus comentarios. (Recuerda borrar este texto antes de escribir tu comentario)""}"
212,"{""Pregunta_1"":""4"",""Pregunta_2"":""3"",""Pregunta_3"":""4"",""Pregunta_4"":""4"",""Pregunta_5"":""3"",""Pregunta_6"":""3"",""Pregunta_7"":""3"",""Pregunta_8"":""3"",""Pregunta_9"":""4"",""Pregunta_10"":""2"",""comentario"":""Que los anuncios o situaciones que se tengan que informar a los alumnos, se diga en el sal\u00f3n de clases ya que no siempre estamos al pendiente o tenemos disponibilidad de revisar la plataforma.""}"
213,"{""Pregunta_1"":""4"",""Pregunta_2"":""4"",""Pregunta_3"":""3"",""Pregunta_4"":""4"",""Pregunta_5"":""4"",""Pregunta_6"":""4"",""Pregunta_7"":""4"",""Pregunta_8"":""4"",""Pregunta_9"":""3"",""Pregunta_10"":""4"",""comentario"":""Escribe aqu\u00ed tus comentarios. (Recuerda borrar este texto antes de escribir tu comentario)""}"
214,"{""Pregunta_1"":""4"",""Pregunta_2"":""4"",""Pregunta_3"":""4"",""Pregunta_4"":""4"",""Pregunta_5"":""4"",""Pregunta_6"":""4"",""Pregunta_7"":""4"",""Pregunta_8"":""4"",""Pregunta_9"":""3"",""Pregunta_10"":""3"",""comentario"":""Escribe aqu\u00ed tus comentarios. (Recuerda borrar este texto antes de escribir tu comentario)""}"
215,"{""Pregunta_1"":""4"",""Pregunta_2"":""4"",""Pregunta_3"":""4"",""Pregunta_4"":""4"",""Pregunta_5"":""4"",""Pregunta_6"":""4"",""Pregunta_7"":""4"",""Pregunta_8"":""4"",""Pregunta_9"":""4"",""Pregunta_10"":""4"",""comentario"":""Escribe aqu\u00ed tus comentarios. (Recuerda borrar este texto antes de escribir tu comentario)""}"
216,"{""Pregunta_1"":""3"",""Pregunta_2"":""3"",""Pregunta_3"":""2"",""Pregunta_4"":""2"",""Pregunta_5"":""4"",""Pregunta_6"":""3"",""Pregunta_7"":""3"",""Pregunta_8"":""3"",""Pregunta_9"":""3"",""Pregunta_10"":""4"",""comentario"":""Escribe aqu\u00ed tus comentarios. (Recuerda borrar este texto antes de escribir tu comentario)""}"
217,"{""Pregunta_1"":""4"",""Pregunta_2"":""2"",""Pregunta_3"":""2"",""Pregunta_4"":""4"",""Pregunta_5"":""4"",""Pregunta_6"":""4"",""Pregunta_7"":""2"",""Pregunta_8"":""3"",""Pregunta_9"":""2"",""Pregunta_10"":""4"",""comentario"":""Escribe aqu\u00ed tus comentarios. (Recuerda borrar este texto antes de escribir tu comentario)""}"
218,"{""Pregunta_1"":""4"",""Pregunta_2"":""4"",""Pregunta_3"":""4"",""Pregunta_4"":""4"",""Pregunta_5"":""4"",""Pregunta_6"":""4"",""Pregunta_7"":""4"",""Pregunta_8"":""4"",""Pregunta_9"":""4"",""Pregunta_10"":""4"",""comentario"":""El personal brinda un excelente servicio y atenci\u00f3n para nosotros los estudiantes.""}"
219,"{""Pregunta_1"":""2"",""Pregunta_2"":""3"",""Pregunta_3"":""3"",""Pregunta_4"":""4"",""Pregunta_5"":""4"",""Pregunta_6"":""4"",""Pregunta_7"":""4"",""Pregunta_8"":""4"",""Pregunta_9"":""4"",""Pregunta_10"":""4"",""comentario"":""Escribe aqu\u00ed tus comentarios. (Recuerda borrar este texto antes de escribir tu comentario)""}"
220,"{""Pregunta_1"":""4"",""Pregunta_2"":""3"",""Pregunta_3"":""3"",""Pregunta_4"":""4"",""Pregunta_5"":""4"",""Pregunta_6"":""4"",""Pregunta_7"":""4"",""Pregunta_8"":""4"",""Pregunta_9"":""3"",""Pregunta_10"":""4"",""comentario"":""Escribe aqu\u00ed tus comentarios. (Recuerda borrar este texto antes de escribir tu comentario)""}"
221,"{""Pregunta_1"":""3"",""Pregunta_2"":""4"",""Pregunta_3"":""3"",""Pregunta_4"":""4"",""Pregunta_5"":""2"",""Pregunta_6"":""4"",""Pregunta_7"":""4"",""Pregunta_8"":""4"",""Pregunta_9"":""4"",""Pregunta_10"":""4"",""comentario"":""Escribe aqu\u00ed tus comentarios. (Recuerda borrar este texto antes de escribir tu comentario)""}"
222,"{""Pregunta_1"":""4"",""Pregunta_2"":""4"",""Pregunta_3"":""3"",""Pregunta_4"":""4"",""Pregunta_5"":""3"",""Pregunta_6"":""3"",""Pregunta_7"":""4"",""Pregunta_8"":""3"",""Pregunta_9"":""3"",""Pregunta_10"":""3"",""comentario"":""tienen muy buen servicio hacia los estudiantes.""}"
223,"{""Pregunta_1"":""3"",""Pregunta_2"":""4"",""Pregunta_3"":""4"",""Pregunta_4"":""3"",""Pregunta_5"":""4"",""Pregunta_6"":""4"",""Pregunta_7"":""4"",""Pregunta_8"":""4"",""Pregunta_9"":""3"",""Pregunta_10"":""4"",""comentario"":""Escribe aqu\u00ed tus comentarios. (Recuerda borrar este texto antes de escribir tu comentario)""}"
225,"{""Pregunta_1"":""4"",""Pregunta_2"":""4"",""Pregunta_3"":""2"",""Pregunta_4"":""4"",""Pregunta_5"":""3"",""Pregunta_6"":""4"",""Pregunta_7"":""4"",""Pregunta_8"":""3"",""Pregunta_9"":""4"",""Pregunta_10"":""4"",""comentario"":""Escribe aqu\u00ed tus comentarios. (Recuerda borrar este texto antes de escribir tu comentario)""}"
226,"{""Pregunta_1"":""4"",""Pregunta_2"":""4"",""Pregunta_3"":""4"",""Pregunta_4"":""4"",""Pregunta_5"":""4"",""Pregunta_6"":""4"",""Pregunta_7"":""4"",""Pregunta_8"":""4"",""Pregunta_9"":""4"",""Pregunta_10"":""4"",""comentario"":""Escribe aqu\u00ed tus comentarios. (Recuerda borrar este texto antes de escribir tu comentario)""}"
227,"{""Pregunta_1"":""4"",""Pregunta_2"":""4"",""Pregunta_3"":""4"",""Pregunta_4"":""4"",""Pregunta_5"":""4"",""Pregunta_6"":""4"",""Pregunta_7"":""4"",""Pregunta_8"":""4"",""Pregunta_9"":""4"",""Pregunta_10"":""4"",""comentario"":""Escribe aqu\u00ed tus comentarios. (Recuerda borrar este texto antes de escribir tu comentario)""}"
228,"{""Pregunta_1"":""4"",""Pregunta_2"":""4"",""Pregunta_3"":""4"",""Pregunta_4"":""4"",""Pregunta_5"":""4"",""Pregunta_6"":""4"",""Pregunta_7"":""4"",""Pregunta_8"":""4"",""Pregunta_9"":""4"",""Pregunta_10"":""4"",""comentario"":""Escribe aqu\u00ed tus comentarios. (Recuerda borrar este texto antes de escribir tu comentario)""}"
229,"{""Pregunta_1"":""4"",""Pregunta_2"":""4"",""Pregunta_3"":""4"",""Pregunta_4"":""4"",""Pregunta_5"":""4"",""Pregunta_6"":""4"",""Pregunta_7"":""4"",""Pregunta_8"":""4"",""Pregunta_9"":""4"",""Pregunta_10"":""4"",""comentario"":""siempre me han tratado muy bien cuando tengo alguna duda o situaci\u00f3n ""}"
230,"{""Pregunta_1"":""4"",""Pregunta_2"":""4"",""Pregunta_3"":""4"",""Pregunta_4"":""4"",""Pregunta_5"":""4"",""Pregunta_6"":""4"",""Pregunta_7"":""4"",""Pregunta_8"":""4"",""Pregunta_9"":""4"",""Pregunta_10"":""4"",""comentario"":""Es excelente.""}"
231,"{""Pregunta_1"":""4"",""Pregunta_2"":""4"",""Pregunta_3"":""4"",""Pregunta_4"":""4"",""Pregunta_5"":""4"",""Pregunta_6"":""4"",""Pregunta_7"":""4"",""Pregunta_8"":""4"",""Pregunta_9"":""4"",""Pregunta_10"":""3"",""comentario"":""Agradecer a mis maestros por la empat\u00eda y atenciones que nos an tenido  ""}"
232,"{""Pregunta_1"":""2"",""Pregunta_2"":""2"",""Pregunta_3"":""1"",""Pregunta_4"":""2"",""Pregunta_5"":""2"",""Pregunta_6"":""2"",""Pregunta_7"":""2"",""Pregunta_8"":""3"",""Pregunta_9"":""2"",""Pregunta_10"":""3"",""comentario"":""Escribe aqu\u00ed tus comentarios. (Recuerda borrar este texto antes de escribir tu comentario)""}"
233,"{""Pregunta_1"":""4"",""Pregunta_2"":""4"",""Pregunta_3"":""4"",""Pregunta_4"":""4"",""Pregunta_5"":""4"",""Pregunta_6"":""4"",""Pregunta_7"":""4"",""Pregunta_8"":""4"",""Pregunta_9"":""4"",""Pregunta_10"":""4"",""comentario"":""Me encanta que todos de recepci\u00f3n Sena muy amables, emp\u00e1ticos y respetuosos. Estoy muy satisfecha con el servicio que brindan""}"
234,"{""Pregunta_1"":""3"",""Pregunta_2"":""3"",""Pregunta_3"":""3"",""Pregunta_4"":""2"",""Pregunta_5"":""3"",""Pregunta_6"":""3"",""Pregunta_7"":""3"",""Pregunta_8"":""3"",""Pregunta_9"":""3"",""Pregunta_10"":""3"",""comentario"":""Escribe aqu\u00ed tus comentarios. (Recuerda borrar este texto antes de escribir tu comentario)""}"
235,"{""Pregunta_1"":""4"",""Pregunta_2"":""4"",""Pregunta_3"":""4"",""Pregunta_4"":""4"",""Pregunta_5"":""4"",""Pregunta_6"":""4"",""Pregunta_7"":""4"",""Pregunta_8"":""4"",""Pregunta_9"":""4"",""Pregunta_10"":""4"",""comentario"":""Escribe aqu\u00ed tus comentarios. (Recuerda borrar este texto antes de escribir tu comentario)""}"
236,"{""Pregunta_1"":""4"",""Pregunta_2"":""4"",""Pregunta_3"":""4"",""Pregunta_4"":""4"",""Pregunta_5"":""4"",""Pregunta_6"":""4"",""Pregunta_7"":""4"",""Pregunta_8"":""4"",""Pregunta_9"":""4"",""Pregunta_10"":""4"",""comentario"":""feliz navidad al personal administrativo.\r\n\r\nDios Bendiga Norte America. EEUU""}"
237,"{""Pregunta_1"":""4"",""Pregunta_2"":""4"",""Pregunta_3"":""4"",""Pregunta_4"":""4"",""Pregunta_5"":""4"",""Pregunta_6"":""4"",""Pregunta_7"":""4"",""Pregunta_8"":""4"",""Pregunta_9"":""4"",""Pregunta_10"":""4"",""comentario"":""Escribe aqu\u00ed tus comentarios. (Recuerda borrar este texto antes de escribir tu comentario)""}"
238,"{""Pregunta_1"":""4"",""Pregunta_2"":""4"",""Pregunta_3"":""3"",""Pregunta_4"":""4"",""Pregunta_5"":""4"",""Pregunta_6"":""4"",""Pregunta_7"":""4"",""Pregunta_8"":""4"",""Pregunta_9"":""4"",""Pregunta_10"":""4"",""comentario"":""Escribe aqu\u00ed tus comentarios. (Recuerda borrar este texto antes de escribir tu comentario)""}"
239,"{""Pregunta_1"":""4"",""Pregunta_2"":""4"",""Pregunta_3"":""3"",""Pregunta_4"":""3"",""Pregunta_5"":""4"",""Pregunta_6"":""4"",""Pregunta_7"":""4"",""Pregunta_8"":""2"",""Pregunta_9"":""4"",""Pregunta_10"":""4"",""comentario"":""Escribe aqu\u00ed tus comentarios. (Recuerda borrar este texto antes de escribir tu comentario)""}"
240,"{""Pregunta_1"":""4"",""Pregunta_2"":""3"",""Pregunta_3"":""3"",""Pregunta_4"":""3"",""Pregunta_5"":""4"",""Pregunta_6"":""2"",""Pregunta_7"":""2"",""Pregunta_8"":""2"",""Pregunta_9"":""3"",""Pregunta_10"":""3"",""comentario"":""Todos muy amables y dedicados, pero creo que les falta muchas mejor\u00edas en administraci\u00f3n.""}"
241,"{""Pregunta_1"":""4"",""Pregunta_2"":""3"",""Pregunta_3"":""3"",""Pregunta_4"":""3"",""Pregunta_5"":""4"",""Pregunta_6"":""2"",""Pregunta_7"":""2"",""Pregunta_8"":""2"",""Pregunta_9"":""3"",""Pregunta_10"":""3"",""comentario"":""Todos muy amables y dedicados, pero creo que les falta muchas mejor\u00edas en administraci\u00f3n.""}"
